{"referredEntities":{"c560d5b1-da5e-43f7-9cbc-6b04a99075f2":{"typeName":"hive_column","attributes":{"owner":"hive","qualifiedName":"hortoniabank.us_customers.age@cl1","name":"age","description":null,"comment":null,"position":20,"type":"int","table":{"guid":"0bb2c691-e4c7-4179-a8c5-0089306656ca","typeName":"hive_table"}},"guid":"c560d5b1-da5e-43f7-9cbc-6b04a99075f2","status":"ACTIVE","createdBy":"hive","updatedBy":"hive","createTime":1490761690442,"updateTime":1490761690442,"version":0,"classifications":[]},"655ccf71-00c3-4095-abc1-f701b1368357":{"typeName":"hive_column","attributes":{"owner":"hive","qualifiedName":"hortoniabank.us_customers.middleinitial@cl1","name":"middleinitial","description":null,"comment":null,"position":4,"type":"string","table":{"guid":"0bb2c691-e4c7-4179-a8c5-0089306656ca","typeName":"hive_table"}},"guid":"655ccf71-00c3-4095-abc1-f701b1368357","status":"ACTIVE","createdBy":"hive","updatedBy":"hive","createTime":1490761690442,"updateTime":1490761690442,"version":0,"classifications":[]},"1eacf59c-d2f8-40b0-9593-cf8a26384d34":{"typeName":"hive_column","attributes":{"owner":"hive","qualifiedName":"hortoniabank.us_customers.birthday@cl1","name":"birthday","description":null,"comment":null,"position":19,"type":"string","table":{"guid":"0bb2c691-e4c7-4179-a8c5-0089306656ca","typeName":"hive_table"}},"guid":"1eacf59c-d2f8-40b0-9593-cf8a26384d34","status":"ACTIVE","createdBy":"hive","updatedBy":"hive","createTime":1490761690442,"updateTime":1490761690442,"version":0,"classifications":[]},"70cf1ec7-4a68-4cbf-a2ca-e45afa1f7f45":{"typeName":"hive_column","attributes":{"owner":"hive","qualifiedName":"hortoniabank.us_customers.telephonenumber@cl1","name":"telephonenumber","description":null,"comment":null,"position":16,"type":"string","table":{"guid":"0bb2c691-e4c7-4179-a8c5-0089306656ca","typeName":"hive_table"}},"guid":"70cf1ec7-4a68-4cbf-a2ca-e45afa1f7f45","status":"ACTIVE","createdBy":"hive","updatedBy":"hive","createTime":1490761690442,"updateTime":1490761690442,"version":0,"classifications":[]},"de22759b-c063-47db-8796-491611088629":{"typeName":"hive_column","attributes":{"owner":"hive","qualifiedName":"hortoniabank.us_customers.title@cl1","name":"title","description":null,"comment":null,"position":2,"type":"string","table":{"guid":"0bb2c691-e4c7-4179-a8c5-0089306656ca","typeName":"hive_table"}},"guid":"de22759b-c063-47db-8796-491611088629","status":"ACTIVE","createdBy":"hive","updatedBy":"hive","createTime":1490761690442,"updateTime":1490761690442,"version":0,"classifications":[]},"450eae77-bd62-4045-92b8-405df873e7bb":{"typeName":"hive_column","attributes":{"owner":"hive","qualifiedName":"hortoniabank.us_customers.height@cl1","name":"height","description":null,"comment":null,"position":36,"type":"int","table":{"guid":"0bb2c691-e4c7-4179-a8c5-0089306656ca","typeName":"hive_table"}},"guid":"450eae77-bd62-4045-92b8-405df873e7bb","status":"ACTIVE","createdBy":"hive","updatedBy":"hive","createTime":1490761690442,"updateTime":1490761690442,"version":0,"classifications":[]},"c55e4617-ea86-44ad-a79b-ff289ec86c7a":{"typeName":"hive_column","attributes":{"owner":"hive","qualifiedName":"hortoniabank.us_customers.ccnumber@cl1","name":"ccnumber","description":null,"comment":null,"position":23,"type":"string","table":{"guid":"0bb2c691-e4c7-4179-a8c5-0089306656ca","typeName":"hive_table"}},"guid":"c55e4617-ea86-44ad-a79b-ff289ec86c7a","status":"ACTIVE","createdBy":"hive","updatedBy":"hive","createTime":1490761690442,"updateTime":1490761690442,"version":0,"classifications":[]},"35ccf27c-0ea0-45df-b42a-9792526f581b":{"typeName":"hive_column","attributes":{"owner":"hive","qualifiedName":"hortoniabank.us_customers.zipcode@cl1","name":"zipcode","description":null,"comment":null,"position":10,"type":"string","table":{"guid":"0bb2c691-e4c7-4179-a8c5-0089306656ca","typeName":"hive_table"}},"guid":"35ccf27c-0ea0-45df-b42a-9792526f581b","status":"ACTIVE","createdBy":"hive","updatedBy":"hive","createTime":1490761690442,"updateTime":1490761690442,"version":0,"classifications":[]},"dda1f1a1-fd59-4558-8618-7f54215a08d1":{"typeName":"hive_column","attributes":{"owner":"hive","qualifiedName":"hortoniabank.us_customers.username@cl1","name":"username","description":null,"comment":null,"position":14,"type":"string","table":{"guid":"0bb2c691-e4c7-4179-a8c5-0089306656ca","typeName":"hive_table"}},"guid":"dda1f1a1-fd59-4558-8618-7f54215a08d1","status":"ACTIVE","createdBy":"hive","updatedBy":"hive","createTime":1490761690442,"updateTime":1490761690442,"version":0,"classifications":[]},"8c4720a6-2dd2-4927-81c5-7e5389754787":{"typeName":"hive_column","attributes":{"owner":"hive","qualifiedName":"hortoniabank.us_customers.eyecolor@cl1","name":"eyecolor","description":null,"comment":null,"position":29,"type":"string","table":{"guid":"0bb2c691-e4c7-4179-a8c5-0089306656ca","typeName":"hive_table"}},"guid":"8c4720a6-2dd2-4927-81c5-7e5389754787","status":"ACTIVE","createdBy":"hive","updatedBy":"hive","createTime":1490761690442,"updateTime":1490761690442,"version":0,"classifications":[]},"93cb51a1-f115-4881-b52a-bfde5f58de56":{"typeName":"hive_column","attributes":{"owner":"hive","qualifiedName":"hortoniabank.us_customers.statefull@cl1","name":"statefull","description":null,"comment":null,"position":9,"type":"string","table":{"guid":"0bb2c691-e4c7-4179-a8c5-0089306656ca","typeName":"hive_table"}},"guid":"93cb51a1-f115-4881-b52a-bfde5f58de56","status":"ACTIVE","createdBy":"hive","updatedBy":"hive","createTime":1490761690442,"updateTime":1490761690442,"version":0,"classifications":[]},"5b76d704-51b1-4c67-a989-a6e08b57ff3b":{"typeName":"hive_column","attributes":{"owner":"hive","qualifiedName":"hortoniabank.us_customers.ccexpires@cl1","name":"ccexpires","description":null,"comment":null,"position":25,"type":"string","table":{"guid":"0bb2c691-e4c7-4179-a8c5-0089306656ca","typeName":"hive_table"}},"guid":"5b76d704-51b1-4c67-a989-a6e08b57ff3b","status":"ACTIVE","createdBy":"hive","updatedBy":"hive","createTime":1490761690442,"updateTime":1490761690442,"version":0,"classifications":[]},"0bdcb2f5-6415-429d-a465-37fd49041f42":{"typeName":"hive_column","attributes":{"owner":"hive","qualifiedName":"hortoniabank.us_customers.state@cl1","name":"state","description":null,"comment":null,"position":8,"type":"string","table":{"guid":"0bb2c691-e4c7-4179-a8c5-0089306656ca","typeName":"hive_table"}},"guid":"0bdcb2f5-6415-429d-a465-37fd49041f42","status":"ACTIVE","createdBy":"hive","updatedBy":"hive","createTime":1490761690442,"updateTime":1490761690442,"version":0,"classifications":[]},"103a6623-62b7-4e43-8080-286699a2012c":{"typeName":"hive_column","attributes":{"owner":"hive","qualifiedName":"hortoniabank.us_customers.longitude@cl1","name":"longitude","description":null,"comment":null,"position":38,"type":"double","table":{"guid":"0bb2c691-e4c7-4179-a8c5-0089306656ca","typeName":"hive_table"}},"guid":"103a6623-62b7-4e43-8080-286699a2012c","status":"ACTIVE","createdBy":"hive","updatedBy":"hive","createTime":1490761690442,"updateTime":1490761690442,"version":0,"classifications":[]},"82515c36-434b-4374-b42c-a2849233a9b3":{"typeName":"hive_column","attributes":{"owner":"hive","qualifiedName":"hortoniabank.us_customers.tropicalzodiac@cl1","name":"tropicalzodiac","description":null,"comment":null,"position":21,"type":"string","table":{"guid":"0bb2c691-e4c7-4179-a8c5-0089306656ca","typeName":"hive_table"}},"guid":"82515c36-434b-4374-b42c-a2849233a9b3","status":"ACTIVE","createdBy":"hive","updatedBy":"hive","createTime":1490761690442,"updateTime":1490761690442,"version":0,"classifications":[]},"f2f8ef72-dbdb-4ee2-aec3-227ab293f7f4":{"typeName":"hive_column","attributes":{"owner":"hive","qualifiedName":"hortoniabank.us_customers.telephonecountrycode@cl1","name":"telephonecountrycode","description":null,"comment":null,"position":17,"type":"string","table":{"guid":"0bb2c691-e4c7-4179-a8c5-0089306656ca","typeName":"hive_table"}},"guid":"f2f8ef72-dbdb-4ee2-aec3-227ab293f7f4","status":"ACTIVE","createdBy":"hive","updatedBy":"hive","createTime":1490761690442,"updateTime":1490761690442,"version":0,"classifications":[]},"e39034dc-192a-46e2-8b78-f87152127785":{"typeName":"hive_column","attributes":{"owner":"hive","qualifiedName":"hortoniabank.us_customers.insuranceid@cl1","name":"insuranceid","description":null,"comment":null,"position":28,"type":"string","table":{"guid":"0bb2c691-e4c7-4179-a8c5-0089306656ca","typeName":"hive_table"}},"guid":"e39034dc-192a-46e2-8b78-f87152127785","status":"ACTIVE","createdBy":"hive","updatedBy":"hive","createTime":1490761690442,"updateTime":1490761690442,"version":0,"classifications":[]},"96d79739-319a-4b80-a9c5-4bafd5ed3bd3":{"typeName":"hive_column","attributes":{"owner":"hive","qualifiedName":"hortoniabank.us_customers.streetaddress@cl1","name":"streetaddress","description":null,"comment":null,"position":6,"type":"string","table":{"guid":"0bb2c691-e4c7-4179-a8c5-0089306656ca","typeName":"hive_table"}},"guid":"96d79739-319a-4b80-a9c5-4bafd5ed3bd3","status":"ACTIVE","createdBy":"hive","updatedBy":"hive","createTime":1490761690442,"updateTime":1490761690442,"version":0,"classifications":[]},"19478a8c-832d-424e-ac20-9fb910c8fed0":{"typeName":"hive_column","attributes":{"owner":"hive","qualifiedName":"hortoniabank.us_customers.latitude@cl1","name":"latitude","description":null,"comment":null,"position":37,"type":"double","table":{"guid":"0bb2c691-e4c7-4179-a8c5-0089306656ca","typeName":"hive_table"}},"guid":"19478a8c-832d-424e-ac20-9fb910c8fed0","status":"ACTIVE","createdBy":"hive","updatedBy":"hive","createTime":1490761690442,"updateTime":1490761690442,"version":0,"classifications":[]},"e2efccee-82af-4468-9b64-7799433036a4":{"typeName":"hive_column","attributes":{"owner":"hive","qualifiedName":"hortoniabank.us_customers.vehicle@cl1","name":"vehicle","description":null,"comment":null,"position":32,"type":"string","table":{"guid":"0bb2c691-e4c7-4179-a8c5-0089306656ca","typeName":"hive_table"}},"guid":"e2efccee-82af-4468-9b64-7799433036a4","status":"ACTIVE","createdBy":"hive","updatedBy":"hive","createTime":1490761690442,"updateTime":1490761690442,"version":0,"classifications":[]},"ec8957c5-6ccf-4cc9-9d68-939f94060bbd":{"typeName":"hive_column","attributes":{"owner":"hive","qualifiedName":"hortoniabank.us_customers.emailaddress@cl1","name":"emailaddress","description":null,"comment":null,"position":13,"type":"string","table":{"guid":"0bb2c691-e4c7-4179-a8c5-0089306656ca","typeName":"hive_table"}},"guid":"ec8957c5-6ccf-4cc9-9d68-939f94060bbd","status":"ACTIVE","createdBy":"hive","updatedBy":"hive","createTime":1490761690442,"updateTime":1490761690442,"version":0,"classifications":[]},"9f03923b-a77b-4656-8547-751a8bcb833c":{"typeName":"hive_column","attributes":{"owner":"hive","qualifiedName":"hortoniabank.us_customers.password@cl1","name":"password","description":null,"comment":null,"position":15,"type":"string","table":{"guid":"0bb2c691-e4c7-4179-a8c5-0089306656ca","typeName":"hive_table"}},"guid":"9f03923b-a77b-4656-8547-751a8bcb833c","status":"ACTIVE","createdBy":"hive","updatedBy":"hive","createTime":1490761690442,"updateTime":1490761690442,"version":0,"classifications":[]},"0f462e4e-442c-4d2b-a4b4-24bdfd184fbd":{"typeName":"hive_column","attributes":{"owner":"hive","qualifiedName":"hortoniabank.us_customers.nationalid@cl1","name":"nationalid","description":null,"comment":null,"position":26,"type":"string","table":{"guid":"0bb2c691-e4c7-4179-a8c5-0089306656ca","typeName":"hive_table"}},"guid":"0f462e4e-442c-4d2b-a4b4-24bdfd184fbd","status":"ACTIVE","createdBy":"hive","updatedBy":"hive","createTime":1490761690442,"updateTime":1490761690442,"version":0,"classifications":[{"typeName":"PII","attributes":{"type":"ssn"}}]},"078f89dc-4271-43c8-b4cc-60a7bf9e2721":{"typeName":"hive_column","attributes":{"owner":"hive","qualifiedName":"hortoniabank.us_customers.mrn@cl1","name":"mrn","description":null,"comment":null,"position":27,"type":"string","table":{"guid":"0bb2c691-e4c7-4179-a8c5-0089306656ca","typeName":"hive_table"}},"guid":"078f89dc-4271-43c8-b4cc-60a7bf9e2721","status":"ACTIVE","createdBy":"hive","updatedBy":"hive","createTime":1490761690442,"updateTime":1490761690442,"version":0,"classifications":[]},"b3ff880c-9be8-4bc7-89a7-a05d5b5161ec":{"typeName":"hive_storagedesc","attributes":{"bucketCols":null,"qualifiedName":"hortoniabank.us_customers@cl1_storage","sortCols":null,"storedAsSubDirectories":false,"location":"hdfs://localhost.localdomain:8020/apps/hive/warehouse/hortoniabank.db/us_customers","compressed":false,"inputFormat":"org.apache.hadoop.hive.ql.io.orc.OrcInputFormat","outputFormat":"org.apache.hadoop.hive.ql.io.orc.OrcOutputFormat","parameters":null,"table":{"guid":"0bb2c691-e4c7-4179-a8c5-0089306656ca","typeName":"hive_table"},"serdeInfo":{"typeName":"hive_serde","attributes":{"serializationLib":"org.apache.hadoop.hive.ql.io.orc.OrcSerde","name":null,"parameters":{"serialization.format":"1"}}},"numBuckets":-1},"guid":"b3ff880c-9be8-4bc7-89a7-a05d5b5161ec","status":"ACTIVE","createdBy":"hive","updatedBy":"hive","createTime":1490761690442,"updateTime":1490761690442,"version":0,"classifications":[]},"8afe79ba-24ca-4531-85a7-a0673b8562c2":{"typeName":"hive_column","attributes":{"owner":"hive","qualifiedName":"hortoniabank.us_customers.cctype@cl1","name":"cctype","description":null,"comment":null,"position":22,"type":"string","table":{"guid":"0bb2c691-e4c7-4179-a8c5-0089306656ca","typeName":"hive_table"}},"guid":"8afe79ba-24ca-4531-85a7-a0673b8562c2","status":"ACTIVE","createdBy":"hive","updatedBy":"hive","createTime":1490761690442,"updateTime":1490761690442,"version":0,"classifications":[]},"2cbbb8f9-a94a-4940-8ded-48f5e2be2393":{"typeName":"hive_column","attributes":{"owner":"hive","qualifiedName":"hortoniabank.us_customers.occupation@cl1","name":"occupation","description":null,"comment":null,"position":30,"type":"string","table":{"guid":"0bb2c691-e4c7-4179-a8c5-0089306656ca","typeName":"hive_table"}},"guid":"2cbbb8f9-a94a-4940-8ded-48f5e2be2393","status":"ACTIVE","createdBy":"hive","updatedBy":"hive","createTime":1490761690442,"updateTime":1490761690442,"version":0,"classifications":[]},"a0a08f62-e112-4257-8d8d-4ce17bbfe61c":{"typeName":"hive_column","attributes":{"owner":"hive","qualifiedName":"hortoniabank.us_customers.country@cl1","name":"country","description":null,"comment":null,"position":11,"type":"string","table":{"guid":"0bb2c691-e4c7-4179-a8c5-0089306656ca","typeName":"hive_table"}},"guid":"a0a08f62-e112-4257-8d8d-4ce17bbfe61c","status":"ACTIVE","createdBy":"hive","updatedBy":"hive","createTime":1490761690442,"updateTime":1490761690442,"version":0,"classifications":[]},"cc9a15f8-a79e-4a07-aefe-ad9099bf66fa":{"typeName":"hive_column","attributes":{"owner":"hive","qualifiedName":"hortoniabank.us_customers.givenname@cl1","name":"givenname","description":null,"comment":null,"position":3,"type":"string","table":{"guid":"0bb2c691-e4c7-4179-a8c5-0089306656ca","typeName":"hive_table"}},"guid":"cc9a15f8-a79e-4a07-aefe-ad9099bf66fa","status":"ACTIVE","createdBy":"hive","updatedBy":"hive","createTime":1490761690442,"updateTime":1490761690442,"version":0,"classifications":[]},"49090788-4c00-42a0-a7b4-1d239bb565ed":{"typeName":"hive_column","attributes":{"owner":"hive","qualifiedName":"hortoniabank.us_customers.number@cl1","name":"number","description":null,"comment":null,"position":0,"type":"string","table":{"guid":"0bb2c691-e4c7-4179-a8c5-0089306656ca","typeName":"hive_table"}},"guid":"49090788-4c00-42a0-a7b4-1d239bb565ed","status":"ACTIVE","createdBy":"hive","updatedBy":"hive","createTime":1490761690442,"updateTime":1490761690442,"version":0,"classifications":[]},"6ffa941c-e044-4565-8e48-ffc253a9b91b":{"typeName":"hive_column","attributes":{"owner":"hive","qualifiedName":"hortoniabank.us_customers.company@cl1","name":"company","description":null,"comment":null,"position":31,"type":"string","table":{"guid":"0bb2c691-e4c7-4179-a8c5-0089306656ca","typeName":"hive_table"}},"guid":"6ffa941c-e044-4565-8e48-ffc253a9b91b","status":"ACTIVE","createdBy":"hive","updatedBy":"hive","createTime":1490761690442,"updateTime":1490761690442,"version":0,"classifications":[]},"34ef5480-7397-44fe-9328-74e5ec53e1a3":{"typeName":"hive_column","attributes":{"owner":"hive","qualifiedName":"hortoniabank.us_customers.domain@cl1","name":"domain","description":null,"comment":null,"position":33,"type":"string","table":{"guid":"0bb2c691-e4c7-4179-a8c5-0089306656ca","typeName":"hive_table"}},"guid":"34ef5480-7397-44fe-9328-74e5ec53e1a3","status":"ACTIVE","createdBy":"hive","updatedBy":"hive","createTime":1490761690442,"updateTime":1490761690442,"version":0,"classifications":[]},"5023eae1-f342-469e-95b3-a0088ddd9874":{"typeName":"hive_column","attributes":{"owner":"hive","qualifiedName":"hortoniabank.us_customers.gender@cl1","name":"gender","description":null,"comment":null,"position":1,"type":"string","table":{"guid":"0bb2c691-e4c7-4179-a8c5-0089306656ca","typeName":"hive_table"}},"guid":"5023eae1-f342-469e-95b3-a0088ddd9874","status":"ACTIVE","createdBy":"hive","updatedBy":"hive","createTime":1490761690442,"updateTime":1490761690442,"version":0,"classifications":[]},"1a1c9c7b-ddcf-4fb6-9271-b3838048ed38":{"typeName":"hive_column","attributes":{"owner":"hive","qualifiedName":"hortoniabank.us_customers.cvv2@cl1","name":"cvv2","description":null,"comment":null,"position":24,"type":"string","table":{"guid":"0bb2c691-e4c7-4179-a8c5-0089306656ca","typeName":"hive_table"}},"guid":"1a1c9c7b-ddcf-4fb6-9271-b3838048ed38","status":"ACTIVE","createdBy":"hive","updatedBy":"hive","createTime":1490761690442,"updateTime":1490761690442,"version":0,"classifications":[]},"da47ba83-f218-4ade-8135-0650fdc5ea44":{"typeName":"hive_column","attributes":{"owner":"hive","qualifiedName":"hortoniabank.us_customers.weight@cl1","name":"weight","description":null,"comment":null,"position":35,"type":"double","table":{"guid":"0bb2c691-e4c7-4179-a8c5-0089306656ca","typeName":"hive_table"}},"guid":"da47ba83-f218-4ade-8135-0650fdc5ea44","status":"ACTIVE","createdBy":"hive","updatedBy":"hive","createTime":1490761690442,"updateTime":1490761690442,"version":0,"classifications":[]},"9c0339da-3d97-4941-9d36-a7c3ea376737":{"typeName":"hive_column","attributes":{"owner":"hive","qualifiedName":"hortoniabank.us_customers.city@cl1","name":"city","description":null,"comment":null,"position":7,"type":"string","table":{"guid":"0bb2c691-e4c7-4179-a8c5-0089306656ca","typeName":"hive_table"}},"guid":"9c0339da-3d97-4941-9d36-a7c3ea376737","status":"ACTIVE","createdBy":"hive","updatedBy":"hive","createTime":1490761690442,"updateTime":1490761690442,"version":0,"classifications":[]},"fca5f6a4-285f-43ae-ab39-069a279e2c86":{"typeName":"hive_column","attributes":{"owner":"hive","qualifiedName":"hortoniabank.us_customers.bloodtype@cl1","name":"bloodtype","description":null,"comment":null,"position":34,"type":"string","table":{"guid":"0bb2c691-e4c7-4179-a8c5-0089306656ca","typeName":"hive_table"}},"guid":"fca5f6a4-285f-43ae-ab39-069a279e2c86","status":"ACTIVE","createdBy":"hive","updatedBy":"hive","createTime":1490761690442,"updateTime":1490761690442,"version":0,"classifications":[]},"ac002ca4-498e-4e5e-88de-5472546e5e39":{"typeName":"hive_column","attributes":{"owner":"hive","qualifiedName":"hortoniabank.us_customers.countryfull@cl1","name":"countryfull","description":null,"comment":null,"position":12,"type":"string","table":{"guid":"0bb2c691-e4c7-4179-a8c5-0089306656ca","typeName":"hive_table"}},"guid":"ac002ca4-498e-4e5e-88de-5472546e5e39","status":"ACTIVE","createdBy":"hive","updatedBy":"hive","createTime":1490761690442,"updateTime":1490761690442,"version":0,"classifications":[]},"44aa1ad0-fb69-4262-9025-3b2202527fb2":{"typeName":"hive_column","attributes":{"owner":"hive","qualifiedName":"hortoniabank.us_customers.surname@cl1","name":"surname","description":null,"comment":null,"position":5,"type":"string","table":{"guid":"0bb2c691-e4c7-4179-a8c5-0089306656ca","typeName":"hive_table"}},"guid":"44aa1ad0-fb69-4262-9025-3b2202527fb2","status":"ACTIVE","createdBy":"hive","updatedBy":"hive","createTime":1490761690442,"updateTime":1490761690442,"version":0,"classifications":[]},"c01bab38-26d0-4f19-ac2e-521fea61165a":{"typeName":"hive_column","attributes":{"owner":"hive","qualifiedName":"hortoniabank.us_customers.mothersmaiden@cl1","name":"mothersmaiden","description":null,"comment":null,"position":18,"type":"string","table":{"guid":"0bb2c691-e4c7-4179-a8c5-0089306656ca","typeName":"hive_table"}},"guid":"c01bab38-26d0-4f19-ac2e-521fea61165a","status":"ACTIVE","createdBy":"hive","updatedBy":"hive","createTime":1490761690442,"updateTime":1490761690442,"version":0,"classifications":[]}},"entity":{"typeName":"hive_table","attributes":{"owner":"hive","temporary":false,"lastAccessTime":1490761671000,"aliases":null,"qualifiedName":"hortoniabank.us_customers@cl1","columns":[{"guid":"49090788-4c00-42a0-a7b4-1d239bb565ed","typeName":"hive_column"},{"guid":"5023eae1-f342-469e-95b3-a0088ddd9874","typeName":"hive_column"},{"guid":"de22759b-c063-47db-8796-491611088629","typeName":"hive_column"},{"guid":"cc9a15f8-a79e-4a07-aefe-ad9099bf66fa","typeName":"hive_column"},{"guid":"655ccf71-00c3-4095-abc1-f701b1368357","typeName":"hive_column"},{"guid":"44aa1ad0-fb69-4262-9025-3b2202527fb2","typeName":"hive_column"},{"guid":"96d79739-319a-4b80-a9c5-4bafd5ed3bd3","typeName":"hive_column"},{"guid":"9c0339da-3d97-4941-9d36-a7c3ea376737","typeName":"hive_column"},{"guid":"0bdcb2f5-6415-429d-a465-37fd49041f42","typeName":"hive_column"},{"guid":"93cb51a1-f115-4881-b52a-bfde5f58de56","typeName":"hive_column"},{"guid":"35ccf27c-0ea0-45df-b42a-9792526f581b","typeName":"hive_column"},{"guid":"a0a08f62-e112-4257-8d8d-4ce17bbfe61c","typeName":"hive_column"},{"guid":"ac002ca4-498e-4e5e-88de-5472546e5e39","typeName":"hive_column"},{"guid":"ec8957c5-6ccf-4cc9-9d68-939f94060bbd","typeName":"hive_column"},{"guid":"dda1f1a1-fd59-4558-8618-7f54215a08d1","typeName":"hive_column"},{"guid":"9f03923b-a77b-4656-8547-751a8bcb833c","typeName":"hive_column"},{"guid":"70cf1ec7-4a68-4cbf-a2ca-e45afa1f7f45","typeName":"hive_column"},{"guid":"f2f8ef72-dbdb-4ee2-aec3-227ab293f7f4","typeName":"hive_column"},{"guid":"c01bab38-26d0-4f19-ac2e-521fea61165a","typeName":"hive_column"},{"guid":"1eacf59c-d2f8-40b0-9593-cf8a26384d34","typeName":"hive_column"},{"guid":"c560d5b1-da5e-43f7-9cbc-6b04a99075f2","typeName":"hive_column"},{"guid":"82515c36-434b-4374-b42c-a2849233a9b3","typeName":"hive_column"},{"guid":"8afe79ba-24ca-4531-85a7-a0673b8562c2","typeName":"hive_column"},{"guid":"c55e4617-ea86-44ad-a79b-ff289ec86c7a","typeName":"hive_column"},{"guid":"1a1c9c7b-ddcf-4fb6-9271-b3838048ed38","typeName":"hive_column"},{"guid":"5b76d704-51b1-4c67-a989-a6e08b57ff3b","typeName":"hive_column"},{"guid":"0f462e4e-442c-4d2b-a4b4-24bdfd184fbd","typeName":"hive_column"},{"guid":"078f89dc-4271-43c8-b4cc-60a7bf9e2721","typeName":"hive_column"},{"guid":"e39034dc-192a-46e2-8b78-f87152127785","typeName":"hive_column"},{"guid":"8c4720a6-2dd2-4927-81c5-7e5389754787","typeName":"hive_column"},{"guid":"2cbbb8f9-a94a-4940-8ded-48f5e2be2393","typeName":"hive_column"},{"guid":"6ffa941c-e044-4565-8e48-ffc253a9b91b","typeName":"hive_column"},{"guid":"e2efccee-82af-4468-9b64-7799433036a4","typeName":"hive_column"},{"guid":"34ef5480-7397-44fe-9328-74e5ec53e1a3","typeName":"hive_column"},{"guid":"fca5f6a4-285f-43ae-ab39-069a279e2c86","typeName":"hive_column"},{"guid":"da47ba83-f218-4ade-8135-0650fdc5ea44","typeName":"hive_column"},{"guid":"450eae77-bd62-4045-92b8-405df873e7bb","typeName":"hive_column"},{"guid":"19478a8c-832d-424e-ac20-9fb910c8fed0","typeName":"hive_column"},{"guid":"103a6623-62b7-4e43-8080-286699a2012c","typeName":"hive_column"}],"description":null,"viewExpandedText":null,"sd":{"guid":"b3ff880c-9be8-4bc7-89a7-a05d5b5161ec","typeName":"hive_storagedesc"},"tableType":"MANAGED_TABLE","createTime":1490761671000,"name":"us_customers","comment":null,"partitionKeys":null,"parameters":{"transient_lastDdlTime":"1490761671","totalSize":"0","rawDataSize":"0","numRows":"0","COLUMN_STATS_ACCURATE":"{\"BASIC_STATS\":\"true\"}","numFiles":"0"},"db":{"guid":"714f9719-7105-412a-9938-5d08b37c2229","typeName":"hive_db"},"retention":0,"viewOriginalText":null},"guid":"0bb2c691-e4c7-4179-a8c5-0089306656ca","status":"ACTIVE","createdBy":"hive","updatedBy":"hive","createTime":1490761690442,"updateTime":1490761690442,"version":0,"classifications":[]}}