{"referredEntities":{"b7dfc65f-a998-4d02-9ce2-11d630d12d25":{"typeName":"hive_column","attributes":{"owner":"hive","qualifiedName":"claim.claims_view.latitude@cl1","name":"latitude","description":null,"comment":null,"position":6,"type":"decimal(10,0)","table":{"guid":"1b20b476-199d-4cf6-9843-5fb84372b81c","typeName":"hive_table"}},"guid":"b7dfc65f-a998-4d02-9ce2-11d630d12d25","status":"ACTIVE","createdBy":"hive","updatedBy":"hive","createTime":1490761704278,"updateTime":1490761706641,"version":0,"classifications":[]},"b594e053-969c-4010-b88a-4e2ed40e179a":{"typeName":"hive_column","attributes":{"owner":"hive","qualifiedName":"claim.claims_view.longitude@cl1","name":"longitude","description":null,"comment":null,"position":7,"type":"decimal(10,0)","table":{"guid":"1b20b476-199d-4cf6-9843-5fb84372b81c","typeName":"hive_table"}},"guid":"b594e053-969c-4010-b88a-4e2ed40e179a","status":"ACTIVE","createdBy":"hive","updatedBy":"hive","createTime":1490761704278,"updateTime":1490761706641,"version":0,"classifications":[]},"489063b8-3c73-4102-a453-9ac9e2766e76":{"typeName":"hive_column","attributes":{"owner":"hive","qualifiedName":"claim.claims_view.costsavings@cl1","name":"costsavings","description":null,"comment":null,"position":4,"type":"int","table":{"guid":"1b20b476-199d-4cf6-9843-5fb84372b81c","typeName":"hive_table"}},"guid":"489063b8-3c73-4102-a453-9ac9e2766e76","status":"ACTIVE","createdBy":"hive","updatedBy":"hive","createTime":1490761704278,"updateTime":1490761706641,"version":0,"classifications":[]},"0ef09e0d-72a9-45df-96e6-ed74529d71dd":{"typeName":"hive_column","attributes":{"owner":"hive","qualifiedName":"claim.claims_view.reportdate@cl1","name":"reportdate","description":null,"comment":null,"position":0,"type":"date","table":{"guid":"1b20b476-199d-4cf6-9843-5fb84372b81c","typeName":"hive_table"}},"guid":"0ef09e0d-72a9-45df-96e6-ed74529d71dd","status":"ACTIVE","createdBy":"hive","updatedBy":"hive","createTime":1490761704278,"updateTime":1490761706641,"version":0,"classifications":[]},"cda33e75-7c1b-4f3e-b816-00771de3756f":{"typeName":"hive_column","attributes":{"owner":"hive","qualifiedName":"claim.claims_view.eligibilitycode@cl1","name":"eligibilitycode","description":null,"comment":null,"position":5,"type":"int","table":{"guid":"1b20b476-199d-4cf6-9843-5fb84372b81c","typeName":"hive_table"}},"guid":"cda33e75-7c1b-4f3e-b816-00771de3756f","status":"ACTIVE","createdBy":"hive","updatedBy":"hive","createTime":1490761704278,"updateTime":1490761706641,"version":0,"classifications":[]},"aa549b5f-cef7-444f-9590-a10ff2bf2ce4":{"typeName":"hive_column","attributes":{"owner":"hive","qualifiedName":"claim.claims_view.sequenceid@cl1","name":"sequenceid","description":null,"comment":null,"position":2,"type":"int","table":{"guid":"1b20b476-199d-4cf6-9843-5fb84372b81c","typeName":"hive_table"}},"guid":"aa549b5f-cef7-444f-9590-a10ff2bf2ce4","status":"ACTIVE","createdBy":"hive","updatedBy":"hive","createTime":1490761704278,"updateTime":1490761706641,"version":0,"classifications":[]},"15ba6856-4d0e-4702-8327-47dfdb253149":{"typeName":"hive_column","attributes":{"owner":"hive","qualifiedName":"claim.claims_view.claimid@cl1","name":"claimid","description":null,"comment":null,"position":3,"type":"int","table":{"guid":"1b20b476-199d-4cf6-9843-5fb84372b81c","typeName":"hive_table"}},"guid":"15ba6856-4d0e-4702-8327-47dfdb253149","status":"ACTIVE","createdBy":"hive","updatedBy":"hive","createTime":1490761704278,"updateTime":1490761706641,"version":0,"classifications":[]},"baccad1f-13f1-4184-9f2d-164c5eb3f78c":{"typeName":"hive_column","attributes":{"owner":"hive","qualifiedName":"claim.claims_view.name@cl1","name":"name","description":null,"comment":null,"position":1,"type":"string","table":{"guid":"1b20b476-199d-4cf6-9843-5fb84372b81c","typeName":"hive_table"}},"guid":"baccad1f-13f1-4184-9f2d-164c5eb3f78c","status":"ACTIVE","createdBy":"hive","updatedBy":"hive","createTime":1490761704278,"updateTime":1490761706641,"version":0,"classifications":[]},"3d726720-85a9-4458-8d09-20030e0fbf53":{"typeName":"hive_storagedesc","attributes":{"bucketCols":null,"qualifiedName":"claim.claims_view@cl1_storage","sortCols":null,"storedAsSubDirectories":false,"location":null,"compressed":false,"inputFormat":"org.apache.hadoop.mapred.SequenceFileInputFormat","outputFormat":"org.apache.hadoop.hive.ql.io.HiveSequenceFileOutputFormat","parameters":null,"table":{"guid":"1b20b476-199d-4cf6-9843-5fb84372b81c","typeName":"hive_table"},"serdeInfo":{"typeName":"hive_serde","attributes":{"serializationLib":null,"name":null,"parameters":null}},"numBuckets":-1},"guid":"3d726720-85a9-4458-8d09-20030e0fbf53","status":"ACTIVE","createdBy":"hive","updatedBy":"hive","createTime":1490761704278,"updateTime":1490761706641,"version":0,"classifications":[]}},"entity":{"typeName":"hive_table","attributes":{"owner":"hive","temporary":false,"lastAccessTime":1490761678000,"aliases":null,"qualifiedName":"claim.claims_view@cl1","columns":[{"guid":"0ef09e0d-72a9-45df-96e6-ed74529d71dd","typeName":"hive_column"},{"guid":"baccad1f-13f1-4184-9f2d-164c5eb3f78c","typeName":"hive_column"},{"guid":"aa549b5f-cef7-444f-9590-a10ff2bf2ce4","typeName":"hive_column"},{"guid":"15ba6856-4d0e-4702-8327-47dfdb253149","typeName":"hive_column"},{"guid":"489063b8-3c73-4102-a453-9ac9e2766e76","typeName":"hive_column"},{"guid":"cda33e75-7c1b-4f3e-b816-00771de3756f","typeName":"hive_column"},{"guid":"b7dfc65f-a998-4d02-9ce2-11d630d12d25","typeName":"hive_column"},{"guid":"b594e053-969c-4010-b88a-4e2ed40e179a","typeName":"hive_column"}],"description":null,"viewExpandedText":"SELECT `claim_savings`.`reportdate`, `claim_savings`.`name`, `claim_savings`.`sequenceid`, `claim_savings`.`claimid`, `claim_savings`.`costsavings`, `claim_savings`.`eligibilitycode`, `claim_savings`.`latitude`, `claim_savings`.`longitude` FROM `cost_savings`.`claim_savings`","sd":{"guid":"3d726720-85a9-4458-8d09-20030e0fbf53","typeName":"hive_storagedesc"},"tableType":"VIRTUAL_VIEW","createTime":1490761678000,"name":"claims_view","comment":null,"partitionKeys":null,"parameters":{"transient_lastDdlTime":"1490761678"},"db":{"guid":"22095c33-5cd5-43bd-bbdb-bcc7de842969","typeName":"hive_db"},"retention":0,"viewOriginalText":"SELECT * FROM cost_savings.claim_savings"},"guid":"1b20b476-199d-4cf6-9843-5fb84372b81c","status":"ACTIVE","createdBy":"hive","updatedBy":"hive","createTime":1490761704278,"updateTime":1490761706641,"version":0,"classifications":[]}}