{"referredEntities":{"b91c4eb6-561c-4c7b-b8e1-cce7e3c51b1c":{"typeName":"hive_column","attributes":{"owner":"hive","qualifiedName":"cost_savings.claim_savings.name@cl1","name":"name","description":null,"comment":null,"position":1,"type":"string","table":{"guid":"3a369b0a-5a93-4920-88de-1a3711a1badb","typeName":"hive_table"}},"guid":"b91c4eb6-561c-4c7b-b8e1-cce7e3c51b1c","status":"ACTIVE","createdBy":"hive","updatedBy":"hive","createTime":1490761696443,"updateTime":1490761706641,"version":0,"classifications":[]},"5871379b-2013-4421-a75c-f74666608eb3":{"typeName":"hive_column","attributes":{"owner":"hive","qualifiedName":"cost_savings.claim_savings.sequenceid@cl1","name":"sequenceid","description":null,"comment":null,"position":2,"type":"int","table":{"guid":"3a369b0a-5a93-4920-88de-1a3711a1badb","typeName":"hive_table"}},"guid":"5871379b-2013-4421-a75c-f74666608eb3","status":"ACTIVE","createdBy":"hive","updatedBy":"hive","createTime":1490761696443,"updateTime":1490761706641,"version":0,"classifications":[]},"21aa5a77-0119-45f7-8668-fa8dcd480038":{"typeName":"hive_column","attributes":{"owner":"hive","qualifiedName":"cost_savings.claim_savings.eligibilitycode@cl1","name":"eligibilitycode","description":null,"comment":null,"position":5,"type":"int","table":{"guid":"3a369b0a-5a93-4920-88de-1a3711a1badb","typeName":"hive_table"}},"guid":"21aa5a77-0119-45f7-8668-fa8dcd480038","status":"ACTIVE","createdBy":"hive","updatedBy":"hive","createTime":1490761696443,"updateTime":1490761706641,"version":0,"classifications":[]},"02f3f387-470a-4b1c-bf62-547ebedb0575":{"typeName":"hive_column","attributes":{"owner":"hive","qualifiedName":"cost_savings.claim_savings.costsavings@cl1","name":"costsavings","description":null,"comment":null,"position":4,"type":"int","table":{"guid":"3a369b0a-5a93-4920-88de-1a3711a1badb","typeName":"hive_table"}},"guid":"02f3f387-470a-4b1c-bf62-547ebedb0575","status":"ACTIVE","createdBy":"hive","updatedBy":"hive","createTime":1490761696443,"updateTime":1490761706641,"version":0,"classifications":[]},"d8e63730-3b6f-4a7f-95c7-b244951da8c6":{"typeName":"hive_column","attributes":{"owner":"hive","qualifiedName":"cost_savings.claim_savings.claimid@cl1","name":"claimid","description":null,"comment":null,"position":3,"type":"int","table":{"guid":"3a369b0a-5a93-4920-88de-1a3711a1badb","typeName":"hive_table"}},"guid":"d8e63730-3b6f-4a7f-95c7-b244951da8c6","status":"ACTIVE","createdBy":"hive","updatedBy":"hive","createTime":1490761696443,"updateTime":1490761706641,"version":0,"classifications":[]},"eb3417a4-fe67-42a0-9bea-c4112415dbaf":{"typeName":"hive_column","attributes":{"owner":"hive","qualifiedName":"cost_savings.claim_savings.latitude@cl1","name":"latitude","description":null,"comment":null,"position":6,"type":"decimal(10,0)","table":{"guid":"3a369b0a-5a93-4920-88de-1a3711a1badb","typeName":"hive_table"}},"guid":"eb3417a4-fe67-42a0-9bea-c4112415dbaf","status":"ACTIVE","createdBy":"hive","updatedBy":"hive","createTime":1490761696443,"updateTime":1490761706641,"version":0,"classifications":[]},"af3ba5dd-5746-48c7-b2f9-d6923028c633":{"typeName":"hive_storagedesc","attributes":{"bucketCols":null,"qualifiedName":"cost_savings.claim_savings@cl1_storage","sortCols":null,"storedAsSubDirectories":false,"location":"hdfs://localhost.localdomain:8020/dev/cost_savings","compressed":false,"inputFormat":"org.apache.hadoop.mapred.TextInputFormat","outputFormat":"org.apache.hadoop.hive.ql.io.HiveIgnoreKeyTextOutputFormat","parameters":null,"table":{"guid":"3a369b0a-5a93-4920-88de-1a3711a1badb","typeName":"hive_table"},"serdeInfo":{"typeName":"hive_serde","attributes":{"serializationLib":"org.apache.hadoop.hive.serde2.lazy.LazySimpleSerDe","name":null,"parameters":{"serialization.format":",","field.delim":","}}},"numBuckets":-1},"guid":"af3ba5dd-5746-48c7-b2f9-d6923028c633","status":"ACTIVE","createdBy":"hive","updatedBy":"hive","createTime":1490761696443,"updateTime":1490761706641,"version":0,"classifications":[]},"7306b8be-21c5-4009-97a9-683ab4ccdcec":{"typeName":"hive_column","attributes":{"owner":"hive","qualifiedName":"cost_savings.claim_savings.reportdate@cl1","name":"reportdate","description":null,"comment":null,"position":0,"type":"date","table":{"guid":"3a369b0a-5a93-4920-88de-1a3711a1badb","typeName":"hive_table"}},"guid":"7306b8be-21c5-4009-97a9-683ab4ccdcec","status":"ACTIVE","createdBy":"hive","updatedBy":"hive","createTime":1490761696443,"updateTime":1490761706641,"version":0,"classifications":[]},"51195fbc-a4e2-46b9-b9ff-5f03d859c66e":{"typeName":"hive_column","attributes":{"owner":"hive","qualifiedName":"cost_savings.claim_savings.longitude@cl1","name":"longitude","description":null,"comment":null,"position":7,"type":"decimal(10,0)","table":{"guid":"3a369b0a-5a93-4920-88de-1a3711a1badb","typeName":"hive_table"}},"guid":"51195fbc-a4e2-46b9-b9ff-5f03d859c66e","status":"ACTIVE","createdBy":"hive","updatedBy":"hive","createTime":1490761696443,"updateTime":1490761706641,"version":0,"classifications":[]}},"entity":{"typeName":"hive_table","attributes":{"owner":"hive","temporary":false,"lastAccessTime":1490761674000,"aliases":null,"qualifiedName":"cost_savings.claim_savings@cl1","columns":[{"guid":"7306b8be-21c5-4009-97a9-683ab4ccdcec","typeName":"hive_column"},{"guid":"b91c4eb6-561c-4c7b-b8e1-cce7e3c51b1c","typeName":"hive_column"},{"guid":"5871379b-2013-4421-a75c-f74666608eb3","typeName":"hive_column"},{"guid":"d8e63730-3b6f-4a7f-95c7-b244951da8c6","typeName":"hive_column"},{"guid":"02f3f387-470a-4b1c-bf62-547ebedb0575","typeName":"hive_column"},{"guid":"21aa5a77-0119-45f7-8668-fa8dcd480038","typeName":"hive_column"},{"guid":"eb3417a4-fe67-42a0-9bea-c4112415dbaf","typeName":"hive_column"},{"guid":"51195fbc-a4e2-46b9-b9ff-5f03d859c66e","typeName":"hive_column"}],"description":null,"viewExpandedText":null,"sd":{"guid":"af3ba5dd-5746-48c7-b2f9-d6923028c633","typeName":"hive_storagedesc"},"tableType":"EXTERNAL_TABLE","createTime":1490761674000,"name":"claim_savings","comment":"Claims Savings","partitionKeys":null,"parameters":{"transient_lastDdlTime":"1490761674","comment":"Claims Savings","totalSize":"6830","EXTERNAL":"TRUE","numFiles":"1"},"db":{"guid":"8d01a45f-0659-412f-930e-26696f57ce46","typeName":"hive_db"},"retention":0,"viewOriginalText":null},"guid":"3a369b0a-5a93-4920-88de-1a3711a1badb","status":"ACTIVE","createdBy":"hive","updatedBy":"admin","createTime":1490761696443,"updateTime":1490763931492,"version":0,"classifications":[{"typeName":"DATA_QUALITY","attributes":{"score":0.51}}]}}