{"referredEntities":{},"entity":{"typeName":"hdfs_path","attributes":{"owner":null,"modifiedTime":0,"isFile":false,"numberOfReplicas":0,"qualifiedName":"hdfs://localhost.localdomain:8020/source/claim","description":null,"extendedAttributes":null,"path":"hdfs://localhost.localdomain:8020/source/claim","posixPermissions":null,"createTime":0,"fileSize":0,"clusterName":"cl1","name":"/source/claim","isSymlink":false,"group":null},"guid":"3fde6e5d-ea79-425f-b256-98483f5456b5","status":"ACTIVE","createdBy":"hive","updatedBy":"hive","createTime":1490761695233,"updateTime":1490761695233,"version":0,"classifications":[]}}