{"referredEntities":{},"entity":{"typeName":"hive_process","attributes":{"owner":null,"outputs":[{"guid":"1b20b476-199d-4cf6-9843-5fb84372b81c","typeName":"hive_table"}],"queryGraph":null,"recentQueries":["create view if not exists claim.claims_view as select * from cost_savings.claim_savings"],"qualifiedName":"claim.claims_view@cl1:1490761678000","inputs":[{"guid":"3a369b0a-5a93-4920-88de-1a3711a1badb","typeName":"hive_table"}],"description":null,"userName":"hive","queryId":"hive_20170328212757_64a95c49-2ab1-4a72-a2f5-8cbec16a453a","clusterName":"cl1","name":"create view if not exists claim.claims_view as select * from cost_savings.claim_savings","queryText":"create view if not exists claim.claims_view as select * from cost_savings.claim_savings","startTime":1490761677603,"operationType":"CREATEVIEW","queryPlan":"Not Supported","endTime":1490761678368},"guid":"488a4f30-525f-40b3-9c6f-d2ddc5284e19","status":"ACTIVE","createdBy":"hive","updatedBy":"hive","createTime":1490761706641,"updateTime":1490761706641,"version":0,"classifications":[]}}