{"referredEntities":{"39cfe48c-3b38-45ea-980d-764a47bb5c6d":{"typeName":"hive_column","attributes":{"owner":"ambari-qa","qualifiedName":"default.hcatsmokeid007f0100_date272817.id@cl1","name":"id","description":null,"comment":null,"position":0,"type":"int","table":{"guid":"4ca90e51-70bb-4647-b92f-3a994a8d6ef0","typeName":"hive_table"}},"guid":"39cfe48c-3b38-45ea-980d-764a47bb5c6d","status":"DELETED","createdBy":"ambari-qa","updatedBy":"ambari-qa","createTime":1490750884660,"updateTime":1490750894785,"version":0,"classifications":[]},"270227ae-74b7-440c-aea5-c03449de0ca1":{"typeName":"hive_column","attributes":{"owner":"ambari-qa","qualifiedName":"default.hcatsmokeid007f0100_date272817.name@cl1","name":"name","description":null,"comment":null,"position":1,"type":"string","table":{"guid":"4ca90e51-70bb-4647-b92f-3a994a8d6ef0","typeName":"hive_table"}},"guid":"270227ae-74b7-440c-aea5-c03449de0ca1","status":"DELETED","createdBy":"ambari-qa","updatedBy":"ambari-qa","createTime":1490750884660,"updateTime":1490750894785,"version":0,"classifications":[]},"6029e402-dab3-4f2b-81c1-0be11bec3f9e":{"typeName":"hive_storagedesc","attributes":{"bucketCols":null,"qualifiedName":"default.hcatsmokeid007f0100_date272817@cl1_storage","sortCols":null,"storedAsSubDirectories":false,"location":"hdfs://localhost.localdomain:8020/apps/hive/warehouse/hcatsmokeid007f0100_date272817","compressed":false,"inputFormat":"org.apache.hadoop.hive.ql.io.RCFileInputFormat","outputFormat":"org.apache.hadoop.hive.ql.io.RCFileOutputFormat","parameters":null,"table":{"guid":"4ca90e51-70bb-4647-b92f-3a994a8d6ef0","typeName":"hive_table"},"serdeInfo":{"typeName":"hive_serde","attributes":{"serializationLib":"org.apache.hadoop.hive.serde2.columnar.LazyBinaryColumnarSerDe","name":null,"parameters":{"serialization.format":"1"}}},"numBuckets":-1},"guid":"6029e402-dab3-4f2b-81c1-0be11bec3f9e","status":"DELETED","createdBy":"ambari-qa","updatedBy":"ambari-qa","createTime":1490750884660,"updateTime":1490750894785,"version":0,"classifications":[]}},"entity":{"typeName":"hive_table","attributes":{"owner":"ambari-qa","temporary":false,"lastAccessTime":1490750879000,"aliases":null,"qualifiedName":"default.hcatsmokeid007f0100_date272817@cl1","columns":[{"guid":"39cfe48c-3b38-45ea-980d-764a47bb5c6d","typeName":"hive_column"},{"guid":"270227ae-74b7-440c-aea5-c03449de0ca1","typeName":"hive_column"}],"description":null,"viewExpandedText":null,"sd":{"guid":"6029e402-dab3-4f2b-81c1-0be11bec3f9e","typeName":"hive_storagedesc"},"tableType":"MANAGED_TABLE","createTime":1490750879000,"name":"hcatsmokeid007f0100_date272817","comment":null,"partitionKeys":null,"parameters":{"transient_lastDdlTime":"1490750879","totalSize":"0","rawDataSize":"0","numRows":"0","COLUMN_STATS_ACCURATE":"{\"BASIC_STATS\":\"true\"}","numFiles":"0"},"db":{"guid":"5d900c19-094d-4681-8a86-4eb1d6ffbe89","typeName":"hive_db"},"retention":0,"viewOriginalText":null},"guid":"4ca90e51-70bb-4647-b92f-3a994a8d6ef0","status":"DELETED","createdBy":"ambari-qa","updatedBy":"ambari-qa","createTime":1490750884660,"updateTime":1490750894785,"version":0,"classifications":[]}}