{"referredEntities":{"4a5641c3-423c-4f9a-877c-82becfaafb1f":{"typeName":"hive_column","attributes":{"owner":"hive","qualifiedName":"hortoniabank.eu_countries.countryname@cl1","name":"countryname","description":null,"comment":null,"position":0,"type":"string","table":{"guid":"5baee40a-bb24-4fa1-bb66-fdfb3583b6f0","typeName":"hive_table"}},"guid":"4a5641c3-423c-4f9a-877c-82becfaafb1f","status":"ACTIVE","createdBy":"hive","updatedBy":"hive","createTime":1490761682487,"updateTime":1490761682487,"version":0,"classifications":[]},"9535d7b0-9229-4c30-a2db-3571f05ad790":{"typeName":"hive_column","attributes":{"owner":"hive","qualifiedName":"hortoniabank.eu_countries.countrycode@cl1","name":"countrycode","description":null,"comment":null,"position":1,"type":"string","table":{"guid":"5baee40a-bb24-4fa1-bb66-fdfb3583b6f0","typeName":"hive_table"}},"guid":"9535d7b0-9229-4c30-a2db-3571f05ad790","status":"ACTIVE","createdBy":"hive","updatedBy":"hive","createTime":1490761682487,"updateTime":1490761682487,"version":0,"classifications":[]},"13af0308-2362-4c42-956a-30b21f6d7add":{"typeName":"hive_storagedesc","attributes":{"bucketCols":null,"qualifiedName":"hortoniabank.eu_countries@cl1_storage","sortCols":null,"storedAsSubDirectories":false,"location":"hdfs://localhost.localdomain:8020/apps/hive/warehouse/hortoniabank.db/eu_countries","compressed":false,"inputFormat":"org.apache.hadoop.hive.ql.io.orc.OrcInputFormat","outputFormat":"org.apache.hadoop.hive.ql.io.orc.OrcOutputFormat","parameters":null,"table":{"guid":"5baee40a-bb24-4fa1-bb66-fdfb3583b6f0","typeName":"hive_table"},"serdeInfo":{"typeName":"hive_serde","attributes":{"serializationLib":"org.apache.hadoop.hive.ql.io.orc.OrcSerde","name":null,"parameters":{"serialization.format":"1"}}},"numBuckets":-1},"guid":"13af0308-2362-4c42-956a-30b21f6d7add","status":"ACTIVE","createdBy":"hive","updatedBy":"hive","createTime":1490761682487,"updateTime":1490761682487,"version":0,"classifications":[]},"1e8e3333-fe04-4601-86a4-70060762be3c":{"typeName":"hive_column","attributes":{"owner":"hive","qualifiedName":"hortoniabank.eu_countries.region@cl1","name":"region","description":null,"comment":null,"position":2,"type":"string","table":{"guid":"5baee40a-bb24-4fa1-bb66-fdfb3583b6f0","typeName":"hive_table"}},"guid":"1e8e3333-fe04-4601-86a4-70060762be3c","status":"ACTIVE","createdBy":"hive","updatedBy":"hive","createTime":1490761682487,"updateTime":1490761682487,"version":0,"classifications":[]}},"entity":{"typeName":"hive_table","attributes":{"owner":"hive","temporary":false,"lastAccessTime":1490761672000,"aliases":null,"qualifiedName":"hortoniabank.eu_countries@cl1","columns":[{"guid":"4a5641c3-423c-4f9a-877c-82becfaafb1f","typeName":"hive_column"},{"guid":"9535d7b0-9229-4c30-a2db-3571f05ad790","typeName":"hive_column"},{"guid":"1e8e3333-fe04-4601-86a4-70060762be3c","typeName":"hive_column"}],"description":null,"viewExpandedText":null,"sd":{"guid":"13af0308-2362-4c42-956a-30b21f6d7add","typeName":"hive_storagedesc"},"tableType":"MANAGED_TABLE","createTime":1490761672000,"name":"eu_countries","comment":null,"partitionKeys":null,"parameters":{"transient_lastDdlTime":"1490761672","totalSize":"0","rawDataSize":"0","numRows":"0","COLUMN_STATS_ACCURATE":"{\"BASIC_STATS\":\"true\"}","numFiles":"0"},"db":{"guid":"714f9719-7105-412a-9938-5d08b37c2229","typeName":"hive_db"},"retention":0,"viewOriginalText":null},"guid":"5baee40a-bb24-4fa1-bb66-fdfb3583b6f0","status":"ACTIVE","createdBy":"hive","updatedBy":"hive","createTime":1490761682487,"updateTime":1490761682487,"version":0,"classifications":[{"typeName":"REFERENCE_DATA"}]}}