{"referredEntities":{"341197e5-3d46-4d89-9089-45d3b69f01cb":{"typeName":"hive_column","attributes":{"owner":"hive","qualifiedName":"claim.provider_summary.providerstreetaddress@cl1","name":"providerstreetaddress","description":null,"comment":null,"position":2,"type":"string","table":{"guid":"610e3b3e-5c49-44b2-a5e1-62482398d9f5","typeName":"hive_table"}},"guid":"341197e5-3d46-4d89-9089-45d3b69f01cb","status":"ACTIVE","createdBy":"hive","updatedBy":"hive","createTime":1490761692907,"updateTime":1490761700633,"version":0,"classifications":[]},"86b9d563-79fa-4d5a-af34-a166f08e0d60":{"typeName":"hive_column","attributes":{"owner":"hive","qualifiedName":"claim.provider_summary.providerzip@cl1","name":"providerzip","description":null,"comment":null,"position":5,"type":"string","table":{"guid":"610e3b3e-5c49-44b2-a5e1-62482398d9f5","typeName":"hive_table"}},"guid":"86b9d563-79fa-4d5a-af34-a166f08e0d60","status":"ACTIVE","createdBy":"hive","updatedBy":"hive","createTime":1490761692907,"updateTime":1490761700633,"version":0,"classifications":[]},"f150a004-8fcf-4818-ab97-0005eff768c1":{"typeName":"hive_storagedesc","attributes":{"bucketCols":null,"qualifiedName":"claim.provider_summary@cl1_storage","sortCols":null,"storedAsSubDirectories":false,"location":"hdfs://localhost.localdomain:8020/source/claim","compressed":false,"inputFormat":"org.apache.hadoop.mapred.TextInputFormat","outputFormat":"org.apache.hadoop.hive.ql.io.HiveIgnoreKeyTextOutputFormat","parameters":null,"table":{"guid":"610e3b3e-5c49-44b2-a5e1-62482398d9f5","typeName":"hive_table"},"serdeInfo":{"typeName":"hive_serde","attributes":{"serializationLib":"org.apache.hadoop.hive.serde2.lazy.LazySimpleSerDe","name":null,"parameters":{"serialization.format":",","field.delim":","}}},"numBuckets":-1},"guid":"f150a004-8fcf-4818-ab97-0005eff768c1","status":"ACTIVE","createdBy":"hive","updatedBy":"hive","createTime":1490761692907,"updateTime":1490761700633,"version":0,"classifications":[]},"bebd9b3f-ac9e-4ec1-90e4-124a14071f99":{"typeName":"hive_column","attributes":{"owner":"hive","qualifiedName":"claim.provider_summary.providername@cl1","name":"providername","description":null,"comment":null,"position":1,"type":"string","table":{"guid":"610e3b3e-5c49-44b2-a5e1-62482398d9f5","typeName":"hive_table"}},"guid":"bebd9b3f-ac9e-4ec1-90e4-124a14071f99","status":"ACTIVE","createdBy":"hive","updatedBy":"hive","createTime":1490761692907,"updateTime":1490761700633,"version":0,"classifications":[{"typeName":"VENDOR_PII","attributes":{"type":"vendor"}}]},"71d5f613-ec28-4770-b149-91d679a7671b":{"typeName":"hive_column","attributes":{"owner":"hive","qualifiedName":"claim.provider_summary.providercity@cl1","name":"providercity","description":null,"comment":null,"position":3,"type":"string","table":{"guid":"610e3b3e-5c49-44b2-a5e1-62482398d9f5","typeName":"hive_table"}},"guid":"71d5f613-ec28-4770-b149-91d679a7671b","status":"ACTIVE","createdBy":"hive","updatedBy":"hive","createTime":1490761692907,"updateTime":1490761700633,"version":0,"classifications":[]},"d6c5b95b-ac21-43ae-90bc-1f09d3445d14":{"typeName":"hive_column","attributes":{"owner":"hive","qualifiedName":"claim.provider_summary.averagemedicarepayments@cl1","name":"averagemedicarepayments","description":null,"comment":null,"position":10,"type":"decimal(10,2)","table":{"guid":"610e3b3e-5c49-44b2-a5e1-62482398d9f5","typeName":"hive_table"}},"guid":"d6c5b95b-ac21-43ae-90bc-1f09d3445d14","status":"ACTIVE","createdBy":"hive","updatedBy":"hive","createTime":1490761692907,"updateTime":1490761700633,"version":0,"classifications":[]},"3ae066f1-d7e5-4076-8a3c-78a5b3ccae11":{"typeName":"hive_column","attributes":{"owner":"hive","qualifiedName":"claim.provider_summary.providerreferralregion@cl1","name":"providerreferralregion","description":null,"comment":null,"position":6,"type":"string","table":{"guid":"610e3b3e-5c49-44b2-a5e1-62482398d9f5","typeName":"hive_table"}},"guid":"3ae066f1-d7e5-4076-8a3c-78a5b3ccae11","status":"ACTIVE","createdBy":"hive","updatedBy":"hive","createTime":1490761692907,"updateTime":1490761700633,"version":0,"classifications":[]},"9b2f8f7f-188c-40bf-b62a-d24c340abc43":{"typeName":"hive_column","attributes":{"owner":"hive","qualifiedName":"claim.provider_summary.providerid@cl1","name":"providerid","description":null,"comment":null,"position":0,"type":"string","table":{"guid":"610e3b3e-5c49-44b2-a5e1-62482398d9f5","typeName":"hive_table"}},"guid":"9b2f8f7f-188c-40bf-b62a-d24c340abc43","status":"ACTIVE","createdBy":"hive","updatedBy":"hive","createTime":1490761692907,"updateTime":1490761700633,"version":0,"classifications":[]},"1bdf91f0-5c67-4531-a2e2-847c79999dca":{"typeName":"hive_column","attributes":{"owner":"hive","qualifiedName":"claim.provider_summary.providerstate@cl1","name":"providerstate","description":null,"comment":null,"position":4,"type":"string","table":{"guid":"610e3b3e-5c49-44b2-a5e1-62482398d9f5","typeName":"hive_table"}},"guid":"1bdf91f0-5c67-4531-a2e2-847c79999dca","status":"ACTIVE","createdBy":"hive","updatedBy":"hive","createTime":1490761692907,"updateTime":1490761700633,"version":0,"classifications":[]},"f787facb-434e-4001-bef5-bc7721efb1f4":{"typeName":"hive_column","attributes":{"owner":"hive","qualifiedName":"claim.provider_summary.totaldischarges@cl1","name":"totaldischarges","description":null,"comment":null,"position":7,"type":"int","table":{"guid":"610e3b3e-5c49-44b2-a5e1-62482398d9f5","typeName":"hive_table"}},"guid":"f787facb-434e-4001-bef5-bc7721efb1f4","status":"ACTIVE","createdBy":"hive","updatedBy":"hive","createTime":1490761692907,"updateTime":1490761700633,"version":0,"classifications":[]},"2db35385-8934-463b-9d8b-b2d8bdb4d863":{"typeName":"hive_column","attributes":{"owner":"hive","qualifiedName":"claim.provider_summary.averagecoveredcharges@cl1","name":"averagecoveredcharges","description":null,"comment":null,"position":8,"type":"decimal(10,2)","table":{"guid":"610e3b3e-5c49-44b2-a5e1-62482398d9f5","typeName":"hive_table"}},"guid":"2db35385-8934-463b-9d8b-b2d8bdb4d863","status":"ACTIVE","createdBy":"hive","updatedBy":"hive","createTime":1490761692907,"updateTime":1490761700633,"version":0,"classifications":[]},"0f5024d4-9e8d-4259-98bf-bade63baac1f":{"typeName":"hive_column","attributes":{"owner":"hive","qualifiedName":"claim.provider_summary.averagetotalpayments@cl1","name":"averagetotalpayments","description":null,"comment":null,"position":9,"type":"decimal(10,2)","table":{"guid":"610e3b3e-5c49-44b2-a5e1-62482398d9f5","typeName":"hive_table"}},"guid":"0f5024d4-9e8d-4259-98bf-bade63baac1f","status":"ACTIVE","createdBy":"hive","updatedBy":"hive","createTime":1490761692907,"updateTime":1490761700633,"version":0,"classifications":[]}},"entity":{"typeName":"hive_table","attributes":{"owner":"hive","temporary":false,"lastAccessTime":1490761675000,"aliases":null,"qualifiedName":"claim.provider_summary@cl1","columns":[{"guid":"9b2f8f7f-188c-40bf-b62a-d24c340abc43","typeName":"hive_column"},{"guid":"bebd9b3f-ac9e-4ec1-90e4-124a14071f99","typeName":"hive_column"},{"guid":"341197e5-3d46-4d89-9089-45d3b69f01cb","typeName":"hive_column"},{"guid":"71d5f613-ec28-4770-b149-91d679a7671b","typeName":"hive_column"},{"guid":"1bdf91f0-5c67-4531-a2e2-847c79999dca","typeName":"hive_column"},{"guid":"86b9d563-79fa-4d5a-af34-a166f08e0d60","typeName":"hive_column"},{"guid":"3ae066f1-d7e5-4076-8a3c-78a5b3ccae11","typeName":"hive_column"},{"guid":"f787facb-434e-4001-bef5-bc7721efb1f4","typeName":"hive_column"},{"guid":"2db35385-8934-463b-9d8b-b2d8bdb4d863","typeName":"hive_column"},{"guid":"0f5024d4-9e8d-4259-98bf-bade63baac1f","typeName":"hive_column"},{"guid":"d6c5b95b-ac21-43ae-90bc-1f09d3445d14","typeName":"hive_column"}],"description":null,"viewExpandedText":null,"sd":{"guid":"f150a004-8fcf-4818-ab97-0005eff768c1","typeName":"hive_storagedesc"},"tableType":"EXTERNAL_TABLE","createTime":1490761675000,"name":"provider_summary","comment":"Provider Summary","partitionKeys":null,"parameters":{"transient_lastDdlTime":"1490761675","comment":"Provider Summary","totalSize":"16132","EXTERNAL":"TRUE","numFiles":"1"},"db":{"guid":"22095c33-5cd5-43bd-bbdb-bcc7de842969","typeName":"hive_db"},"retention":0,"viewOriginalText":null},"guid":"610e3b3e-5c49-44b2-a5e1-62482398d9f5","status":"ACTIVE","createdBy":"hive","updatedBy":"hive","createTime":1490761692907,"updateTime":1490761700633,"version":0,"classifications":[]}}