{"referredEntities":{},"entity":{"typeName":"hive_process","attributes":{"owner":null,"outputs":[{"guid":"d094c47c-51b2-4373-a68e-15209beed94b","typeName":"hive_table"}],"queryGraph":null,"recentQueries":["create view if not exists claim.prov_view as select * from claim.provider_summary"],"qualifiedName":"claim.prov_view@cl1:1490761677000","inputs":[{"guid":"610e3b3e-5c49-44b2-a5e1-62482398d9f5","typeName":"hive_table"}],"description":null,"userName":"hive","queryId":"hive_20170328212755_404abed8-1000-4a68-b039-bae595ed838b","clusterName":"cl1","name":"create view if not exists claim.prov_view as select * from claim.provider_summary","queryText":"create view if not exists claim.prov_view as select * from claim.provider_summary","startTime":1490761675567,"operationType":"CREATEVIEW","queryPlan":"Not Supported","endTime":1490761677478},"guid":"73a1816c-8cc7-412c-a182-edec41faa8b6","status":"ACTIVE","createdBy":"hive","updatedBy":"hive","createTime":1490761700633,"updateTime":1490761700633,"version":0,"classifications":[]}}