{"referredEntities":{"42209d24-f9f0-4360-9dd8-8d1c75be1297":{"typeName":"hive_column","attributes":{"owner":"hive","qualifiedName":"finance.tax_2015.ssn@cl1","name":"ssn","description":null,"comment":null,"position":0,"type":"string","table":{"guid":"9501391c-d79c-43e4-8bdf-baba9cffb239","typeName":"hive_table"}},"guid":"42209d24-f9f0-4360-9dd8-8d1c75be1297","status":"ACTIVE","createdBy":"hive","updatedBy":"hive","createTime":1490761691735,"updateTime":1490761691735,"version":0,"classifications":[{"typeName":"FINANCE_PII","attributes":{"type":"finance"}}]},"db3977b0-faba-4f84-bc51-0f6cdea3bf61":{"typeName":"hive_column","attributes":{"owner":"hive","qualifiedName":"finance.tax_2015.local_tax@cl1","name":"local_tax","description":null,"comment":null,"position":3,"type":"int","table":{"guid":"9501391c-d79c-43e4-8bdf-baba9cffb239","typeName":"hive_table"}},"guid":"db3977b0-faba-4f84-bc51-0f6cdea3bf61","status":"ACTIVE","createdBy":"hive","updatedBy":"hive","createTime":1490761691735,"updateTime":1490761691735,"version":0,"classifications":[]},"08eef996-8c6e-47f2-97ef-40cd3c8ea812":{"typeName":"hive_storagedesc","attributes":{"bucketCols":null,"qualifiedName":"finance.tax_2015@cl1_storage","sortCols":null,"storedAsSubDirectories":false,"location":"hdfs://localhost.localdomain:8020/apps/hive/warehouse/finance.db/tax_2015","compressed":false,"inputFormat":"org.apache.hadoop.hive.ql.io.orc.OrcInputFormat","outputFormat":"org.apache.hadoop.hive.ql.io.orc.OrcOutputFormat","parameters":null,"table":{"guid":"9501391c-d79c-43e4-8bdf-baba9cffb239","typeName":"hive_table"},"serdeInfo":{"typeName":"hive_serde","attributes":{"serializationLib":"org.apache.hadoop.hive.ql.io.orc.OrcSerde","name":null,"parameters":{"serialization.format":"1"}}},"numBuckets":-1},"guid":"08eef996-8c6e-47f2-97ef-40cd3c8ea812","status":"ACTIVE","createdBy":"hive","updatedBy":"hive","createTime":1490761691735,"updateTime":1490761691735,"version":0,"classifications":[]},"e7510819-6ba9-4d32-bbea-237ebe677798":{"typeName":"hive_column","attributes":{"owner":"hive","qualifiedName":"finance.tax_2015.state_tax@cl1","name":"state_tax","description":null,"comment":null,"position":2,"type":"int","table":{"guid":"9501391c-d79c-43e4-8bdf-baba9cffb239","typeName":"hive_table"}},"guid":"e7510819-6ba9-4d32-bbea-237ebe677798","status":"ACTIVE","createdBy":"hive","updatedBy":"hive","createTime":1490761691735,"updateTime":1490761691735,"version":0,"classifications":[]},"a3b2bd54-771e-4cf5-8756-6167a221c161":{"typeName":"hive_column","attributes":{"owner":"hive","qualifiedName":"finance.tax_2015.fed_tax@cl1","name":"fed_tax","description":null,"comment":null,"position":1,"type":"int","table":{"guid":"9501391c-d79c-43e4-8bdf-baba9cffb239","typeName":"hive_table"}},"guid":"a3b2bd54-771e-4cf5-8756-6167a221c161","status":"ACTIVE","createdBy":"hive","updatedBy":"hive","createTime":1490761691735,"updateTime":1490761691735,"version":0,"classifications":[]}},"entity":{"typeName":"hive_table","attributes":{"owner":"hive","temporary":false,"lastAccessTime":1490761673000,"aliases":null,"qualifiedName":"finance.tax_2015@cl1","columns":[{"guid":"42209d24-f9f0-4360-9dd8-8d1c75be1297","typeName":"hive_column"},{"guid":"a3b2bd54-771e-4cf5-8756-6167a221c161","typeName":"hive_column"},{"guid":"e7510819-6ba9-4d32-bbea-237ebe677798","typeName":"hive_column"},{"guid":"db3977b0-faba-4f84-bc51-0f6cdea3bf61","typeName":"hive_column"}],"description":null,"viewExpandedText":null,"sd":{"guid":"08eef996-8c6e-47f2-97ef-40cd3c8ea812","typeName":"hive_storagedesc"},"tableType":"MANAGED_TABLE","createTime":1490761673000,"name":"tax_2015","comment":null,"partitionKeys":null,"parameters":{"transient_lastDdlTime":"1490761673","totalSize":"0","rawDataSize":"0","numRows":"0","COLUMN_STATS_ACCURATE":"{\"BASIC_STATS\":\"true\"}","numFiles":"0"},"db":{"guid":"3a0b14b0-ab85-4b65-89f2-e418f3f7f77c","typeName":"hive_db"},"retention":0,"viewOriginalText":null},"guid":"9501391c-d79c-43e4-8bdf-baba9cffb239","status":"ACTIVE","createdBy":"hive","updatedBy":"admin","createTime":1490761691735,"updateTime":1490765179015,"version":0,"classifications":[{"typeName":"EXPIRES_ON","attributes":{"expiry_date":"2022/12/31"}}]}}