{"referredEntities":{},"entity":{"typeName":"hdfs_path","attributes":{"owner":null,"modifiedTime":0,"isFile":false,"numberOfReplicas":0,"qualifiedName":"hdfs://localhost.localdomain:8020/dev/cost_savings","description":null,"extendedAttributes":null,"path":"hdfs://localhost.localdomain:8020/dev/cost_savings","posixPermissions":null,"createTime":0,"fileSize":0,"clusterName":"cl1","name":"/dev/cost_savings","isSymlink":false,"group":null},"guid":"a39e89d5-d6db-4da2-85ee-87dfb5c883bb","status":"ACTIVE","createdBy":"hive","updatedBy":"hive","createTime":1490761697680,"updateTime":1490761697680,"version":0,"classifications":[]}}