{"referredEntities":{"3037d1aa-b842-4426-827d-c51f71199a0a":{"typeName":"hive_column","attributes":{"owner":"hive","qualifiedName":"hortoniabank.ww_customers.username@cl1","name":"username","description":null,"comment":null,"position":15,"type":"string","table":{"guid":"ab5099ce-0e62-491a-b7f5-2490c82a48c6","typeName":"hive_table"}},"guid":"3037d1aa-b842-4426-827d-c51f71199a0a","status":"ACTIVE","createdBy":"hive","updatedBy":"hive","createTime":1490761686029,"updateTime":1490761686029,"version":0,"classifications":[]},"f8594c76-cd8d-4b70-9398-965c9a04202f":{"typeName":"hive_column","attributes":{"owner":"hive","qualifiedName":"hortoniabank.ww_customers.number@cl1","name":"number","description":null,"comment":null,"position":5,"type":"int","table":{"guid":"ab5099ce-0e62-491a-b7f5-2490c82a48c6","typeName":"hive_table"}},"guid":"f8594c76-cd8d-4b70-9398-965c9a04202f","status":"ACTIVE","createdBy":"hive","updatedBy":"hive","createTime":1490761686029,"updateTime":1490761686029,"version":0,"classifications":[]},"a9ea8625-63b6-40c9-81f6-f4d56d1817a5":{"typeName":"hive_column","attributes":{"owner":"hive","qualifiedName":"hortoniabank.ww_customers.password@cl1","name":"password","description":null,"comment":null,"position":16,"type":"string","table":{"guid":"ab5099ce-0e62-491a-b7f5-2490c82a48c6","typeName":"hive_table"}},"guid":"a9ea8625-63b6-40c9-81f6-f4d56d1817a5","status":"ACTIVE","createdBy":"hive","updatedBy":"hive","createTime":1490761686029,"updateTime":1490761686029,"version":0,"classifications":[]},"565d8e8d-0a31-4d96-8dc1-b3a7a95604a6":{"typeName":"hive_column","attributes":{"owner":"hive","qualifiedName":"hortoniabank.ww_customers.vehicle@cl1","name":"vehicle","description":null,"comment":null,"position":33,"type":"string","table":{"guid":"ab5099ce-0e62-491a-b7f5-2490c82a48c6","typeName":"hive_table"}},"guid":"565d8e8d-0a31-4d96-8dc1-b3a7a95604a6","status":"ACTIVE","createdBy":"hive","updatedBy":"hive","createTime":1490761686029,"updateTime":1490761686029,"version":0,"classifications":[]},"2fc3968b-15d5-4a08-b215-b9f390f2cd1a":{"typeName":"hive_column","attributes":{"owner":"hive","qualifiedName":"hortoniabank.ww_customers.tropicalzodiac@cl1","name":"tropicalzodiac","description":null,"comment":null,"position":22,"type":"string","table":{"guid":"ab5099ce-0e62-491a-b7f5-2490c82a48c6","typeName":"hive_table"}},"guid":"2fc3968b-15d5-4a08-b215-b9f390f2cd1a","status":"ACTIVE","createdBy":"hive","updatedBy":"hive","createTime":1490761686029,"updateTime":1490761686029,"version":0,"classifications":[]},"c028b0b5-0ce5-482c-8162-b4ccaaeeeabd":{"typeName":"hive_column","attributes":{"owner":"hive","qualifiedName":"hortoniabank.ww_customers.weight@cl1","name":"weight","description":null,"comment":null,"position":36,"type":"double","table":{"guid":"ab5099ce-0e62-491a-b7f5-2490c82a48c6","typeName":"hive_table"}},"guid":"c028b0b5-0ce5-482c-8162-b4ccaaeeeabd","status":"ACTIVE","createdBy":"hive","updatedBy":"hive","createTime":1490761686029,"updateTime":1490761686029,"version":0,"classifications":[]},"8f192b56-a3e5-4a6c-9a83-4058cefc2f53":{"typeName":"hive_column","attributes":{"owner":"hive","qualifiedName":"hortoniabank.ww_customers.country@cl1","name":"country","description":null,"comment":null,"position":12,"type":"string","table":{"guid":"ab5099ce-0e62-491a-b7f5-2490c82a48c6","typeName":"hive_table"}},"guid":"8f192b56-a3e5-4a6c-9a83-4058cefc2f53","status":"ACTIVE","createdBy":"hive","updatedBy":"hive","createTime":1490761686029,"updateTime":1490761686029,"version":0,"classifications":[]},"46c3d6ff-6c4c-4b3f-9385-a3bbc149826f":{"typeName":"hive_column","attributes":{"owner":"hive","qualifiedName":"hortoniabank.ww_customers.latitude@cl1","name":"latitude","description":null,"comment":null,"position":38,"type":"double","table":{"guid":"ab5099ce-0e62-491a-b7f5-2490c82a48c6","typeName":"hive_table"}},"guid":"46c3d6ff-6c4c-4b3f-9385-a3bbc149826f","status":"ACTIVE","createdBy":"hive","updatedBy":"hive","createTime":1490761686029,"updateTime":1490761686029,"version":0,"classifications":[]},"3de19a12-27b6-45f3-9e81-458139b041ed":{"typeName":"hive_column","attributes":{"owner":"hive","qualifiedName":"hortoniabank.ww_customers.domain@cl1","name":"domain","description":null,"comment":null,"position":34,"type":"string","table":{"guid":"ab5099ce-0e62-491a-b7f5-2490c82a48c6","typeName":"hive_table"}},"guid":"3de19a12-27b6-45f3-9e81-458139b041ed","status":"ACTIVE","createdBy":"hive","updatedBy":"hive","createTime":1490761686029,"updateTime":1490761686029,"version":0,"classifications":[]},"2dd2c4ed-6939-4a0d-a2c3-a36f441a4dfe":{"typeName":"hive_column","attributes":{"owner":"hive","qualifiedName":"hortoniabank.ww_customers.city@cl1","name":"city","description":null,"comment":null,"position":8,"type":"string","table":{"guid":"ab5099ce-0e62-491a-b7f5-2490c82a48c6","typeName":"hive_table"}},"guid":"2dd2c4ed-6939-4a0d-a2c3-a36f441a4dfe","status":"ACTIVE","createdBy":"hive","updatedBy":"hive","createTime":1490761686029,"updateTime":1490761686029,"version":0,"classifications":[]},"61e0f203-e79e-47b3-9442-e5616d4be815":{"typeName":"hive_column","attributes":{"owner":"hive","qualifiedName":"hortoniabank.ww_customers.state@cl1","name":"state","description":null,"comment":null,"position":9,"type":"string","table":{"guid":"ab5099ce-0e62-491a-b7f5-2490c82a48c6","typeName":"hive_table"}},"guid":"61e0f203-e79e-47b3-9442-e5616d4be815","status":"ACTIVE","createdBy":"hive","updatedBy":"hive","createTime":1490761686029,"updateTime":1490761686029,"version":0,"classifications":[]},"bb44efb7-ae3a-442e-9fff-469dfed856ef":{"typeName":"hive_column","attributes":{"owner":"hive","qualifiedName":"hortoniabank.ww_customers.mrn@cl1","name":"mrn","description":null,"comment":null,"position":28,"type":"string","table":{"guid":"ab5099ce-0e62-491a-b7f5-2490c82a48c6","typeName":"hive_table"}},"guid":"bb44efb7-ae3a-442e-9fff-469dfed856ef","status":"ACTIVE","createdBy":"hive","updatedBy":"hive","createTime":1490761686029,"updateTime":1490761686029,"version":0,"classifications":[]},"08180454-4938-45e8-a202-d52111500d65":{"typeName":"hive_column","attributes":{"owner":"hive","qualifiedName":"hortoniabank.ww_customers.emailaddress@cl1","name":"emailaddress","description":null,"comment":null,"position":14,"type":"string","table":{"guid":"ab5099ce-0e62-491a-b7f5-2490c82a48c6","typeName":"hive_table"}},"guid":"08180454-4938-45e8-a202-d52111500d65","status":"ACTIVE","createdBy":"hive","updatedBy":"hive","createTime":1490761686029,"updateTime":1490761686029,"version":0,"classifications":[{"typeName":"PII","attributes":{"type":"email"}}]},"fbb772f4-64ff-4bfd-b724-7d5917f4eb5a":{"typeName":"hive_column","attributes":{"owner":"hive","qualifiedName":"hortoniabank.ww_customers.zipcode@cl1","name":"zipcode","description":null,"comment":null,"position":11,"type":"string","table":{"guid":"ab5099ce-0e62-491a-b7f5-2490c82a48c6","typeName":"hive_table"}},"guid":"fbb772f4-64ff-4bfd-b724-7d5917f4eb5a","status":"ACTIVE","createdBy":"hive","updatedBy":"hive","createTime":1490761686029,"updateTime":1490761686029,"version":0,"classifications":[]},"e64960bb-e26f-4879-b95d-5f5082e3a961":{"typeName":"hive_column","attributes":{"owner":"hive","qualifiedName":"hortoniabank.ww_customers.surname@cl1","name":"surname","description":null,"comment":null,"position":4,"type":"string","table":{"guid":"ab5099ce-0e62-491a-b7f5-2490c82a48c6","typeName":"hive_table"}},"guid":"e64960bb-e26f-4879-b95d-5f5082e3a961","status":"ACTIVE","createdBy":"hive","updatedBy":"hive","createTime":1490761686029,"updateTime":1490761686029,"version":0,"classifications":[]},"27697979-614a-4eef-9ca5-bce4e8829ad1":{"typeName":"hive_column","attributes":{"owner":"hive","qualifiedName":"hortoniabank.ww_customers.nationalid@cl1","name":"nationalid","description":null,"comment":null,"position":27,"type":"string","table":{"guid":"ab5099ce-0e62-491a-b7f5-2490c82a48c6","typeName":"hive_table"}},"guid":"27697979-614a-4eef-9ca5-bce4e8829ad1","status":"ACTIVE","createdBy":"hive","updatedBy":"hive","createTime":1490761686029,"updateTime":1490761686029,"version":0,"classifications":[{"typeName":"PII","attributes":{"type":"ssn"}}]},"fb58aa0a-c9fd-4c5f-b155-d62fd32136fd":{"typeName":"hive_column","attributes":{"owner":"hive","qualifiedName":"hortoniabank.ww_customers.telephonenumber@cl1","name":"telephonenumber","description":null,"comment":null,"position":17,"type":"string","table":{"guid":"ab5099ce-0e62-491a-b7f5-2490c82a48c6","typeName":"hive_table"}},"guid":"fb58aa0a-c9fd-4c5f-b155-d62fd32136fd","status":"ACTIVE","createdBy":"hive","updatedBy":"hive","createTime":1490761686029,"updateTime":1490761686029,"version":0,"classifications":[]},"aec4f2a6-419e-4266-9605-2a75d627abb6":{"typeName":"hive_storagedesc","attributes":{"bucketCols":null,"qualifiedName":"hortoniabank.ww_customers@cl1_storage","sortCols":null,"storedAsSubDirectories":false,"location":"hdfs://localhost.localdomain:8020/apps/hive/warehouse/hortoniabank.db/ww_customers","compressed":false,"inputFormat":"org.apache.hadoop.hive.ql.io.orc.OrcInputFormat","outputFormat":"org.apache.hadoop.hive.ql.io.orc.OrcOutputFormat","parameters":null,"table":{"guid":"ab5099ce-0e62-491a-b7f5-2490c82a48c6","typeName":"hive_table"},"serdeInfo":{"typeName":"hive_serde","attributes":{"serializationLib":"org.apache.hadoop.hive.ql.io.orc.OrcSerde","name":null,"parameters":{"serialization.format":"1"}}},"numBuckets":-1},"guid":"aec4f2a6-419e-4266-9605-2a75d627abb6","status":"ACTIVE","createdBy":"hive","updatedBy":"hive","createTime":1490761686029,"updateTime":1490761686029,"version":0,"classifications":[]},"ec6e1bbb-9e73-4631-9ae5-5027e1845636":{"typeName":"hive_column","attributes":{"owner":"hive","qualifiedName":"hortoniabank.ww_customers.mothersmaiden@cl1","name":"mothersmaiden","description":null,"comment":null,"position":19,"type":"string","table":{"guid":"ab5099ce-0e62-491a-b7f5-2490c82a48c6","typeName":"hive_table"}},"guid":"ec6e1bbb-9e73-4631-9ae5-5027e1845636","status":"ACTIVE","createdBy":"hive","updatedBy":"hive","createTime":1490761686029,"updateTime":1490761686029,"version":0,"classifications":[]},"9f971195-f401-4166-9d9e-b04af8c55744":{"typeName":"hive_column","attributes":{"owner":"hive","qualifiedName":"hortoniabank.ww_customers.height@cl1","name":"height","description":null,"comment":null,"position":37,"type":"int","table":{"guid":"ab5099ce-0e62-491a-b7f5-2490c82a48c6","typeName":"hive_table"}},"guid":"9f971195-f401-4166-9d9e-b04af8c55744","status":"ACTIVE","createdBy":"hive","updatedBy":"hive","createTime":1490761686029,"updateTime":1490761686029,"version":0,"classifications":[]},"68996970-6f5e-4c7e-81fe-7397012bb848":{"typeName":"hive_column","attributes":{"owner":"hive","qualifiedName":"hortoniabank.ww_customers.middleinitial@cl1","name":"middleinitial","description":null,"comment":null,"position":3,"type":"string","table":{"guid":"ab5099ce-0e62-491a-b7f5-2490c82a48c6","typeName":"hive_table"}},"guid":"68996970-6f5e-4c7e-81fe-7397012bb848","status":"ACTIVE","createdBy":"hive","updatedBy":"hive","createTime":1490761686029,"updateTime":1490761686029,"version":0,"classifications":[]},"183540ff-6463-4e9f-abd1-1b977cdd420a":{"typeName":"hive_column","attributes":{"owner":"hive","qualifiedName":"hortoniabank.ww_customers.givenname@cl1","name":"givenname","description":null,"comment":null,"position":2,"type":"string","table":{"guid":"ab5099ce-0e62-491a-b7f5-2490c82a48c6","typeName":"hive_table"}},"guid":"183540ff-6463-4e9f-abd1-1b977cdd420a","status":"ACTIVE","createdBy":"hive","updatedBy":"hive","createTime":1490761686029,"updateTime":1490761686029,"version":0,"classifications":[]},"b8c133cf-04ad-4ce7-a251-043048954ebd":{"typeName":"hive_column","attributes":{"owner":"hive","qualifiedName":"hortoniabank.ww_customers.age@cl1","name":"age","description":null,"comment":null,"position":21,"type":"int","table":{"guid":"ab5099ce-0e62-491a-b7f5-2490c82a48c6","typeName":"hive_table"}},"guid":"b8c133cf-04ad-4ce7-a251-043048954ebd","status":"ACTIVE","createdBy":"hive","updatedBy":"hive","createTime":1490761686029,"updateTime":1490761686029,"version":0,"classifications":[]},"8d383ae6-6590-42bd-9dc8-f70a648bbd3a":{"typeName":"hive_column","attributes":{"owner":"hive","qualifiedName":"hortoniabank.ww_customers.statefull@cl1","name":"statefull","description":null,"comment":null,"position":10,"type":"string","table":{"guid":"ab5099ce-0e62-491a-b7f5-2490c82a48c6","typeName":"hive_table"}},"guid":"8d383ae6-6590-42bd-9dc8-f70a648bbd3a","status":"ACTIVE","createdBy":"hive","updatedBy":"hive","createTime":1490761686029,"updateTime":1490761686029,"version":0,"classifications":[]},"28e6c52d-55e5-4097-aacf-f2b22cb5b738":{"typeName":"hive_column","attributes":{"owner":"hive","qualifiedName":"hortoniabank.ww_customers.company@cl1","name":"company","description":null,"comment":null,"position":32,"type":"string","table":{"guid":"ab5099ce-0e62-491a-b7f5-2490c82a48c6","typeName":"hive_table"}},"guid":"28e6c52d-55e5-4097-aacf-f2b22cb5b738","status":"ACTIVE","createdBy":"hive","updatedBy":"hive","createTime":1490761686029,"updateTime":1490761686029,"version":0,"classifications":[]},"051dc518-8823-4283-b276-d9fcb2f26c3c":{"typeName":"hive_column","attributes":{"owner":"hive","qualifiedName":"hortoniabank.ww_customers.insuranceid@cl1","name":"insuranceid","description":null,"comment":null,"position":29,"type":"string","table":{"guid":"ab5099ce-0e62-491a-b7f5-2490c82a48c6","typeName":"hive_table"}},"guid":"051dc518-8823-4283-b276-d9fcb2f26c3c","status":"ACTIVE","createdBy":"hive","updatedBy":"hive","createTime":1490761686029,"updateTime":1490761686029,"version":0,"classifications":[]},"9b29d7ef-ac2a-487f-aa2b-b47056e62731":{"typeName":"hive_column","attributes":{"owner":"hive","qualifiedName":"hortoniabank.ww_customers.ccnumber@cl1","name":"ccnumber","description":null,"comment":null,"position":24,"type":"string","table":{"guid":"ab5099ce-0e62-491a-b7f5-2490c82a48c6","typeName":"hive_table"}},"guid":"9b29d7ef-ac2a-487f-aa2b-b47056e62731","status":"ACTIVE","createdBy":"hive","updatedBy":"hive","createTime":1490761686029,"updateTime":1490761686029,"version":0,"classifications":[{"typeName":"PII","attributes":{"type":"ccn"}}]},"0a976999-9456-4de8-baf1-911d5e91749b":{"typeName":"hive_column","attributes":{"owner":"hive","qualifiedName":"hortoniabank.ww_customers.title@cl1","name":"title","description":null,"comment":null,"position":1,"type":"string","table":{"guid":"ab5099ce-0e62-491a-b7f5-2490c82a48c6","typeName":"hive_table"}},"guid":"0a976999-9456-4de8-baf1-911d5e91749b","status":"ACTIVE","createdBy":"hive","updatedBy":"hive","createTime":1490761686029,"updateTime":1490761686029,"version":0,"classifications":[]},"2d3778ad-2d99-4749-b32f-30d057c0825b":{"typeName":"hive_column","attributes":{"owner":"hive","qualifiedName":"hortoniabank.ww_customers.streetaddress@cl1","name":"streetaddress","description":null,"comment":null,"position":7,"type":"string","table":{"guid":"ab5099ce-0e62-491a-b7f5-2490c82a48c6","typeName":"hive_table"}},"guid":"2d3778ad-2d99-4749-b32f-30d057c0825b","status":"ACTIVE","createdBy":"hive","updatedBy":"hive","createTime":1490761686029,"updateTime":1490761686029,"version":0,"classifications":[]},"c019d530-7fd6-4771-bc09-e78896006a5d":{"typeName":"hive_column","attributes":{"owner":"hive","qualifiedName":"hortoniabank.ww_customers.occupation@cl1","name":"occupation","description":null,"comment":null,"position":31,"type":"string","table":{"guid":"ab5099ce-0e62-491a-b7f5-2490c82a48c6","typeName":"hive_table"}},"guid":"c019d530-7fd6-4771-bc09-e78896006a5d","status":"ACTIVE","createdBy":"hive","updatedBy":"hive","createTime":1490761686029,"updateTime":1490761686029,"version":0,"classifications":[]},"b547aa26-960b-48ae-bc57-8a1911b80825":{"typeName":"hive_column","attributes":{"owner":"hive","qualifiedName":"hortoniabank.ww_customers.nameset@cl1","name":"nameset","description":null,"comment":null,"position":6,"type":"string","table":{"guid":"ab5099ce-0e62-491a-b7f5-2490c82a48c6","typeName":"hive_table"}},"guid":"b547aa26-960b-48ae-bc57-8a1911b80825","status":"ACTIVE","createdBy":"hive","updatedBy":"hive","createTime":1490761686029,"updateTime":1490761686029,"version":0,"classifications":[]},"f6b1d052-e609-49fd-92d8-137c43cbd569":{"typeName":"hive_column","attributes":{"owner":"hive","qualifiedName":"hortoniabank.ww_customers.bloodtype@cl1","name":"bloodtype","description":null,"comment":null,"position":35,"type":"string","table":{"guid":"ab5099ce-0e62-491a-b7f5-2490c82a48c6","typeName":"hive_table"}},"guid":"f6b1d052-e609-49fd-92d8-137c43cbd569","status":"ACTIVE","createdBy":"hive","updatedBy":"hive","createTime":1490761686029,"updateTime":1490761686029,"version":0,"classifications":[]},"98734dfc-62a3-4331-960c-f2d2ac5541bc":{"typeName":"hive_column","attributes":{"owner":"hive","qualifiedName":"hortoniabank.ww_customers.ccexpires@cl1","name":"ccexpires","description":null,"comment":null,"position":26,"type":"string","table":{"guid":"ab5099ce-0e62-491a-b7f5-2490c82a48c6","typeName":"hive_table"}},"guid":"98734dfc-62a3-4331-960c-f2d2ac5541bc","status":"ACTIVE","createdBy":"hive","updatedBy":"hive","createTime":1490761686029,"updateTime":1490761686029,"version":0,"classifications":[]},"9f9fce8f-e164-479a-a049-047b8e64f6b0":{"typeName":"hive_column","attributes":{"owner":"hive","qualifiedName":"hortoniabank.ww_customers.gender@cl1","name":"gender","description":null,"comment":null,"position":0,"type":"string","table":{"guid":"ab5099ce-0e62-491a-b7f5-2490c82a48c6","typeName":"hive_table"}},"guid":"9f9fce8f-e164-479a-a049-047b8e64f6b0","status":"ACTIVE","createdBy":"hive","updatedBy":"hive","createTime":1490761686029,"updateTime":1490761686029,"version":0,"classifications":[]},"9995e397-b401-43b5-9923-e9f136a7fa7f":{"typeName":"hive_column","attributes":{"owner":"hive","qualifiedName":"hortoniabank.ww_customers.cctype@cl1","name":"cctype","description":null,"comment":null,"position":23,"type":"string","table":{"guid":"ab5099ce-0e62-491a-b7f5-2490c82a48c6","typeName":"hive_table"}},"guid":"9995e397-b401-43b5-9923-e9f136a7fa7f","status":"ACTIVE","createdBy":"hive","updatedBy":"hive","createTime":1490761686029,"updateTime":1490761686029,"version":0,"classifications":[]},"64eb8fc9-7818-4f6a-9e8a-d3e3a261b9cf":{"typeName":"hive_column","attributes":{"owner":"hive","qualifiedName":"hortoniabank.ww_customers.countryfull@cl1","name":"countryfull","description":null,"comment":null,"position":13,"type":"string","table":{"guid":"ab5099ce-0e62-491a-b7f5-2490c82a48c6","typeName":"hive_table"}},"guid":"64eb8fc9-7818-4f6a-9e8a-d3e3a261b9cf","status":"ACTIVE","createdBy":"hive","updatedBy":"hive","createTime":1490761686029,"updateTime":1490761686029,"version":0,"classifications":[]},"8125e5cd-52de-42a5-8d48-f34fb1ac61e7":{"typeName":"hive_column","attributes":{"owner":"hive","qualifiedName":"hortoniabank.ww_customers.telephonecountrycode@cl1","name":"telephonecountrycode","description":null,"comment":null,"position":18,"type":"int","table":{"guid":"ab5099ce-0e62-491a-b7f5-2490c82a48c6","typeName":"hive_table"}},"guid":"8125e5cd-52de-42a5-8d48-f34fb1ac61e7","status":"ACTIVE","createdBy":"hive","updatedBy":"hive","createTime":1490761686029,"updateTime":1490761686029,"version":0,"classifications":[]},"1ae3f573-63c9-4000-8aea-a6f582d6c54c":{"typeName":"hive_column","attributes":{"owner":"hive","qualifiedName":"hortoniabank.ww_customers.longitude@cl1","name":"longitude","description":null,"comment":null,"position":39,"type":"double","table":{"guid":"ab5099ce-0e62-491a-b7f5-2490c82a48c6","typeName":"hive_table"}},"guid":"1ae3f573-63c9-4000-8aea-a6f582d6c54c","status":"ACTIVE","createdBy":"hive","updatedBy":"hive","createTime":1490761686029,"updateTime":1490761686029,"version":0,"classifications":[]},"30d21051-b037-4a86-ac82-3954ce9d4f89":{"typeName":"hive_column","attributes":{"owner":"hive","qualifiedName":"hortoniabank.ww_customers.cvv2@cl1","name":"cvv2","description":null,"comment":null,"position":25,"type":"string","table":{"guid":"ab5099ce-0e62-491a-b7f5-2490c82a48c6","typeName":"hive_table"}},"guid":"30d21051-b037-4a86-ac82-3954ce9d4f89","status":"ACTIVE","createdBy":"hive","updatedBy":"hive","createTime":1490761686029,"updateTime":1490761686029,"version":0,"classifications":[]},"d689b1fb-64a1-4121-97cc-bc852a3756d9":{"typeName":"hive_column","attributes":{"owner":"hive","qualifiedName":"hortoniabank.ww_customers.eyecolor@cl1","name":"eyecolor","description":null,"comment":null,"position":30,"type":"string","table":{"guid":"ab5099ce-0e62-491a-b7f5-2490c82a48c6","typeName":"hive_table"}},"guid":"d689b1fb-64a1-4121-97cc-bc852a3756d9","status":"ACTIVE","createdBy":"hive","updatedBy":"hive","createTime":1490761686029,"updateTime":1490761686029,"version":0,"classifications":[]},"a124da0d-9892-492e-a1d9-486e3937c3d4":{"typeName":"hive_column","attributes":{"owner":"hive","qualifiedName":"hortoniabank.ww_customers.birthday@cl1","name":"birthday","description":null,"comment":null,"position":20,"type":"string","table":{"guid":"ab5099ce-0e62-491a-b7f5-2490c82a48c6","typeName":"hive_table"}},"guid":"a124da0d-9892-492e-a1d9-486e3937c3d4","status":"ACTIVE","createdBy":"hive","updatedBy":"hive","createTime":1490761686029,"updateTime":1490761686029,"version":0,"classifications":[]}},"entity":{"typeName":"hive_table","attributes":{"owner":"hive","temporary":false,"lastAccessTime":1490761669000,"aliases":null,"qualifiedName":"hortoniabank.ww_customers@cl1","columns":[{"guid":"9f9fce8f-e164-479a-a049-047b8e64f6b0","typeName":"hive_column"},{"guid":"0a976999-9456-4de8-baf1-911d5e91749b","typeName":"hive_column"},{"guid":"183540ff-6463-4e9f-abd1-1b977cdd420a","typeName":"hive_column"},{"guid":"68996970-6f5e-4c7e-81fe-7397012bb848","typeName":"hive_column"},{"guid":"e64960bb-e26f-4879-b95d-5f5082e3a961","typeName":"hive_column"},{"guid":"f8594c76-cd8d-4b70-9398-965c9a04202f","typeName":"hive_column"},{"guid":"b547aa26-960b-48ae-bc57-8a1911b80825","typeName":"hive_column"},{"guid":"2d3778ad-2d99-4749-b32f-30d057c0825b","typeName":"hive_column"},{"guid":"2dd2c4ed-6939-4a0d-a2c3-a36f441a4dfe","typeName":"hive_column"},{"guid":"61e0f203-e79e-47b3-9442-e5616d4be815","typeName":"hive_column"},{"guid":"8d383ae6-6590-42bd-9dc8-f70a648bbd3a","typeName":"hive_column"},{"guid":"fbb772f4-64ff-4bfd-b724-7d5917f4eb5a","typeName":"hive_column"},{"guid":"8f192b56-a3e5-4a6c-9a83-4058cefc2f53","typeName":"hive_column"},{"guid":"64eb8fc9-7818-4f6a-9e8a-d3e3a261b9cf","typeName":"hive_column"},{"guid":"08180454-4938-45e8-a202-d52111500d65","typeName":"hive_column"},{"guid":"3037d1aa-b842-4426-827d-c51f71199a0a","typeName":"hive_column"},{"guid":"a9ea8625-63b6-40c9-81f6-f4d56d1817a5","typeName":"hive_column"},{"guid":"fb58aa0a-c9fd-4c5f-b155-d62fd32136fd","typeName":"hive_column"},{"guid":"8125e5cd-52de-42a5-8d48-f34fb1ac61e7","typeName":"hive_column"},{"guid":"ec6e1bbb-9e73-4631-9ae5-5027e1845636","typeName":"hive_column"},{"guid":"a124da0d-9892-492e-a1d9-486e3937c3d4","typeName":"hive_column"},{"guid":"b8c133cf-04ad-4ce7-a251-043048954ebd","typeName":"hive_column"},{"guid":"2fc3968b-15d5-4a08-b215-b9f390f2cd1a","typeName":"hive_column"},{"guid":"9995e397-b401-43b5-9923-e9f136a7fa7f","typeName":"hive_column"},{"guid":"9b29d7ef-ac2a-487f-aa2b-b47056e62731","typeName":"hive_column"},{"guid":"30d21051-b037-4a86-ac82-3954ce9d4f89","typeName":"hive_column"},{"guid":"98734dfc-62a3-4331-960c-f2d2ac5541bc","typeName":"hive_column"},{"guid":"27697979-614a-4eef-9ca5-bce4e8829ad1","typeName":"hive_column"},{"guid":"bb44efb7-ae3a-442e-9fff-469dfed856ef","typeName":"hive_column"},{"guid":"051dc518-8823-4283-b276-d9fcb2f26c3c","typeName":"hive_column"},{"guid":"d689b1fb-64a1-4121-97cc-bc852a3756d9","typeName":"hive_column"},{"guid":"c019d530-7fd6-4771-bc09-e78896006a5d","typeName":"hive_column"},{"guid":"28e6c52d-55e5-4097-aacf-f2b22cb5b738","typeName":"hive_column"},{"guid":"565d8e8d-0a31-4d96-8dc1-b3a7a95604a6","typeName":"hive_column"},{"guid":"3de19a12-27b6-45f3-9e81-458139b041ed","typeName":"hive_column"},{"guid":"f6b1d052-e609-49fd-92d8-137c43cbd569","typeName":"hive_column"},{"guid":"c028b0b5-0ce5-482c-8162-b4ccaaeeeabd","typeName":"hive_column"},{"guid":"9f971195-f401-4166-9d9e-b04af8c55744","typeName":"hive_column"},{"guid":"46c3d6ff-6c4c-4b3f-9385-a3bbc149826f","typeName":"hive_column"},{"guid":"1ae3f573-63c9-4000-8aea-a6f582d6c54c","typeName":"hive_column"}],"description":null,"viewExpandedText":null,"sd":{"guid":"aec4f2a6-419e-4266-9605-2a75d627abb6","typeName":"hive_storagedesc"},"tableType":"MANAGED_TABLE","createTime":1490761669000,"name":"ww_customers","comment":null,"partitionKeys":null,"parameters":{"transient_lastDdlTime":"1490761669","totalSize":"0","rawDataSize":"0","numRows":"0","COLUMN_STATS_ACCURATE":"{\"BASIC_STATS\":\"true\"}","numFiles":"0"},"db":{"guid":"714f9719-7105-412a-9938-5d08b37c2229","typeName":"hive_db"},"retention":0,"viewOriginalText":null},"guid":"ab5099ce-0e62-491a-b7f5-2490c82a48c6","status":"ACTIVE","createdBy":"hive","updatedBy":"hive","createTime":1490761686029,"updateTime":1490761686029,"version":0,"classifications":[]}}