{"enumDefs":[{"category":"ENUM","guid":"ca775b6a-0029-472d-b9ae-e20236075925","createTime":1490750615904,"updateTime":1490750615904,"version":1,"name":"hive_principal_type","description":"hive_principal_type","typeVersion":"1.0","elementDefs":[{"value":"USER","ordinal":1},{"value":"ROLE","ordinal":2},{"value":"GROUP","ordinal":3}]},{"category":"ENUM","guid":"3b9067f4-1adb-4b37-a4c5-1bb28258090c","createTime":1490750612048,"updateTime":1490750612048,"version":1,"name":"file_action","description":"file_action","typeVersion":"1.0","elementDefs":[{"value":"NONE","ordinal":0},{"value":"EXECUTE","ordinal":1},{"value":"WRITE","ordinal":2},{"value":"WRITE_EXECUTE","ordinal":3},{"value":"READ","ordinal":4},{"value":"READ_EXECUTE","ordinal":5},{"value":"READ_WRITE","ordinal":6},{"value":"ALL","ordinal":7}]}],"structDefs":[{"category":"STRUCT","guid":"ad10da1a-f2dd-4487-8df4-51e79baf6734","createTime":1490750616018,"updateTime":1490750616018,"version":1,"name":"hive_serde","description":"hive_serde","typeVersion":"1.0","attributeDefs":[{"name":"name","typeName":"string","isOptional":true,"cardinality":"SINGLE","valuesMinCount":0,"valuesMaxCount":1,"isUnique":false,"isIndexable":false},{"name":"serializationLib","typeName":"string","isOptional":true,"cardinality":"SINGLE","valuesMinCount":0,"valuesMaxCount":1,"isUnique":false,"isIndexable":false},{"name":"parameters","typeName":"map<string,string>","isOptional":true,"cardinality":"SINGLE","valuesMinCount":0,"valuesMaxCount":1,"isUnique":false,"isIndexable":false}]},{"category":"STRUCT","guid":"a5be8859-8e9c-4bf9-8558-b59cce3cd951","createTime":1490750615978,"updateTime":1490750615978,"version":1,"name":"hive_order","description":"hive_order","typeVersion":"1.0","attributeDefs":[{"name":"order","typeName":"int","isOptional":false,"cardinality":"SINGLE","valuesMinCount":1,"valuesMaxCount":1,"isUnique":false,"isIndexable":false},{"name":"col","typeName":"string","isOptional":false,"cardinality":"SINGLE","valuesMinCount":1,"valuesMaxCount":1,"isUnique":false,"isIndexable":false}]},{"category":"STRUCT","guid":"678e8fc0-fe1d-4bd9-b305-f392fd1aa87f","createTime":1490750613115,"updateTime":1490750613115,"version":1,"name":"fs_permissions","description":"fs_permissions","typeVersion":"1.0","attributeDefs":[{"name":"group","typeName":"file_action","isOptional":false,"cardinality":"SINGLE","valuesMinCount":1,"valuesMaxCount":1,"isUnique":false,"isIndexable":true},{"name":"user","typeName":"file_action","isOptional":false,"cardinality":"SINGLE","valuesMinCount":1,"valuesMaxCount":1,"isUnique":false,"isIndexable":true},{"name":"sticky","typeName":"boolean","isOptional":false,"cardinality":"SINGLE","valuesMinCount":1,"valuesMaxCount":1,"isUnique":false,"isIndexable":true},{"name":"others","typeName":"file_action","isOptional":false,"cardinality":"SINGLE","valuesMinCount":1,"valuesMaxCount":1,"isUnique":false,"isIndexable":true}]}],"classificationDefs":[{"category":"CLASSIFICATION","guid":"4835d069-c57d-4778-98ff-3326e2f0c5ea","createTime":1490762573555,"updateTime":1490762573555,"version":1,"name":"PII","description":"PII","typeVersion":"1.0","attributeDefs":[{"name":"type","typeName":"string","isOptional":true,"cardinality":"SINGLE","valuesMinCount":0,"valuesMaxCount":1,"isUnique":false,"isIndexable":false}],"superTypes":[]},{"category":"CLASSIFICATION","guid":"b9716c12-45f1-425d-9fbf-1f446a77c187","createTime":1490764363302,"updateTime":1490764363302,"version":1,"name":"FINANCE_PII","description":"FINANCE_PII","typeVersion":"1.0","attributeDefs":[],"superTypes":["PII"]},{"category":"CLASSIFICATION","guid":"4cf9da58-bb06-41f1-bf88-609eecc7a20f","createTime":1490764375142,"updateTime":1490764375142,"version":1,"name":"VENDOR_PII","description":"VENDOR_PII","typeVersion":"1.0","attributeDefs":[],"superTypes":["PII"]},{"category":"CLASSIFICATION","guid":"557ee7ee-cccd-483e-908d-6204651f7503","createTime":1490762525929,"updateTime":1490762525929,"version":1,"name":"DATA_QUALITY","description":"DATA_QUALITY","typeVersion":"1.0","attributeDefs":[{"name":"score","typeName":"float","isOptional":true,"cardinality":"SINGLE","valuesMinCount":0,"valuesMaxCount":1,"isUnique":false,"isIndexable":false}],"superTypes":[]},{"category":"CLASSIFICATION","guid":"6f3d1277-15ad-49b9-bcee-fdddbd4a10e6","createTime":1490765103995,"updateTime":1490765103995,"version":1,"name":"EXPIRES_ON","description":"EXPIRES_ON","typeVersion":"1.0","attributeDefs":[{"name":"expiry_date","typeName":"string","isOptional":true,"cardinality":"SINGLE","valuesMinCount":0,"valuesMaxCount":1,"isUnique":false,"isIndexable":false}],"superTypes":[]},{"category":"CLASSIFICATION","guid":"68333b92-c305-41df-b325-1fd63cf2007a","createTime":1490762500705,"updateTime":1490762500705,"version":1,"name":"REFERENCE_DATA","description":"REFERENCE_DATA","typeVersion":"1.0","attributeDefs":[],"superTypes":[]}],"entityDefs":[{"category":"ENTITY","guid":"d3d0987a-3301-4659-bd0b-453eec44f40d","createTime":1490750616997,"updateTime":1490750616997,"version":1,"name":"hive_storagedesc","description":"hive_storagedesc","typeVersion":"1.0","attributeDefs":[{"name":"table","typeName":"hive_table","isOptional":true,"cardinality":"SINGLE","valuesMinCount":0,"valuesMaxCount":1,"isUnique":false,"isIndexable":false,"constraints":[{"type":"inverseRef","params":{"attribute":"sd"}}]},{"name":"location","typeName":"string","isOptional":true,"cardinality":"SINGLE","valuesMinCount":0,"valuesMaxCount":1,"isUnique":false,"isIndexable":false},{"name":"inputFormat","typeName":"string","isOptional":true,"cardinality":"SINGLE","valuesMinCount":0,"valuesMaxCount":1,"isUnique":false,"isIndexable":false},{"name":"outputFormat","typeName":"string","isOptional":true,"cardinality":"SINGLE","valuesMinCount":0,"valuesMaxCount":1,"isUnique":false,"isIndexable":false},{"name":"compressed","typeName":"boolean","isOptional":false,"cardinality":"SINGLE","valuesMinCount":1,"valuesMaxCount":1,"isUnique":false,"isIndexable":false},{"name":"numBuckets","typeName":"int","isOptional":true,"cardinality":"SINGLE","valuesMinCount":0,"valuesMaxCount":1,"isUnique":false,"isIndexable":false},{"name":"serdeInfo","typeName":"hive_serde","isOptional":true,"cardinality":"SINGLE","valuesMinCount":0,"valuesMaxCount":1,"isUnique":false,"isIndexable":false},{"name":"bucketCols","typeName":"array<string>","isOptional":true,"cardinality":"SINGLE","valuesMinCount":0,"valuesMaxCount":1,"isUnique":false,"isIndexable":false},{"name":"sortCols","typeName":"array<hive_order>","isOptional":true,"cardinality":"SINGLE","valuesMinCount":0,"valuesMaxCount":1,"isUnique":false,"isIndexable":false},{"name":"parameters","typeName":"map<string,string>","isOptional":true,"cardinality":"SINGLE","valuesMinCount":0,"valuesMaxCount":1,"isUnique":false,"isIndexable":false},{"name":"storedAsSubDirectories","typeName":"boolean","isOptional":true,"cardinality":"SINGLE","valuesMinCount":0,"valuesMaxCount":1,"isUnique":false,"isIndexable":false}],"superTypes":["Referenceable"]},{"category":"ENTITY","guid":"3dfb259a-153f-4947-9542-3d4d7bb4ef62","createTime":1490750614608,"updateTime":1490750614608,"version":1,"name":"hdfs_path","description":"hdfs_path","typeVersion":"1.0","attributeDefs":[{"name":"clusterName","typeName":"string","isOptional":true,"cardinality":"SINGLE","valuesMinCount":0,"valuesMaxCount":1,"isUnique":false,"isIndexable":true},{"name":"numberOfReplicas","typeName":"int","isOptional":true,"cardinality":"SINGLE","valuesMinCount":0,"valuesMaxCount":1,"isUnique":false,"isIndexable":true},{"name":"extendedAttributes","typeName":"map<string,string>","isOptional":true,"cardinality":"SINGLE","valuesMinCount":0,"valuesMaxCount":1,"isUnique":false,"isIndexable":false}],"superTypes":["fs_path"]},{"category":"ENTITY","guid":"6846dd15-fdaa-48bd-9b39-acdf13e06a35","createTime":1490750606924,"updateTime":1490750606924,"version":1,"name":"Referenceable","description":"Referenceable","typeVersion":"1.0","attributeDefs":[{"name":"qualifiedName","typeName":"string","isOptional":false,"cardinality":"SINGLE","valuesMinCount":1,"valuesMaxCount":1,"isUnique":true,"isIndexable":true}],"superTypes":[]},{"category":"ENTITY","guid":"8d01a334-7297-4891-aae4-86527131582a","createTime":1490750608500,"updateTime":1490750608500,"version":1,"name":"DataSet","description":"DataSet","typeVersion":"1.0","attributeDefs":[],"superTypes":["Referenceable","Asset"]},{"category":"ENTITY","guid":"ac2ba979-952d-45bf-a1d9-f71c8ea553ed","createTime":1490750607764,"updateTime":1490750607764,"version":1,"name":"Asset","description":"Asset","typeVersion":"1.0","attributeDefs":[{"name":"name","typeName":"string","isOptional":false,"cardinality":"SINGLE","valuesMinCount":1,"valuesMaxCount":1,"isUnique":false,"isIndexable":true},{"name":"description","typeName":"string","isOptional":true,"cardinality":"SINGLE","valuesMinCount":0,"valuesMaxCount":1,"isUnique":false,"isIndexable":false},{"name":"owner","typeName":"string","isOptional":true,"cardinality":"SINGLE","valuesMinCount":0,"valuesMaxCount":1,"isUnique":false,"isIndexable":true}],"superTypes":[]},{"category":"ENTITY","guid":"c9933426-f015-45af-9953-b9c1375cca0e","createTime":1490750609907,"updateTime":1490750609907,"version":1,"name":"Process","description":"Process","typeVersion":"1.0","attributeDefs":[{"name":"inputs","typeName":"array<DataSet>","isOptional":true,"cardinality":"SINGLE","valuesMinCount":0,"valuesMaxCount":1,"isUnique":false,"isIndexable":false},{"name":"outputs","typeName":"array<DataSet>","isOptional":true,"cardinality":"SINGLE","valuesMinCount":0,"valuesMaxCount":1,"isUnique":false,"isIndexable":false}],"superTypes":["Referenceable","Asset"]},{"category":"ENTITY","guid":"9f1abc30-cc40-4ec9-8d15-d2d110c4427c","createTime":1490750616895,"updateTime":1490750625064,"version":2,"name":"hive_table","description":"hive_table","typeVersion":"1.1","options":{"schemaElementsAttribute":"columns"},"attributeDefs":[{"name":"db","typeName":"hive_db","isOptional":false,"cardinality":"SINGLE","valuesMinCount":1,"valuesMaxCount":1,"isUnique":false,"isIndexable":false},{"name":"createTime","typeName":"date","isOptional":true,"cardinality":"SINGLE","valuesMinCount":0,"valuesMaxCount":1,"isUnique":false,"isIndexable":false},{"name":"lastAccessTime","typeName":"date","isOptional":true,"cardinality":"SINGLE","valuesMinCount":0,"valuesMaxCount":1,"isUnique":false,"isIndexable":false},{"name":"comment","typeName":"string","isOptional":true,"cardinality":"SINGLE","valuesMinCount":0,"valuesMaxCount":1,"isUnique":false,"isIndexable":false},{"name":"retention","typeName":"int","isOptional":true,"cardinality":"SINGLE","valuesMinCount":0,"valuesMaxCount":1,"isUnique":false,"isIndexable":false},{"name":"sd","typeName":"hive_storagedesc","isOptional":true,"cardinality":"SINGLE","valuesMinCount":0,"valuesMaxCount":1,"isUnique":false,"isIndexable":false,"constraints":[{"type":"ownedRef"}]},{"name":"partitionKeys","typeName":"array<hive_column>","isOptional":true,"cardinality":"SINGLE","valuesMinCount":0,"valuesMaxCount":1,"isUnique":false,"isIndexable":false,"constraints":[{"type":"ownedRef"}]},{"name":"aliases","typeName":"array<string>","isOptional":true,"cardinality":"SINGLE","valuesMinCount":0,"valuesMaxCount":1,"isUnique":false,"isIndexable":false},{"name":"columns","typeName":"array<hive_column>","isOptional":true,"cardinality":"SINGLE","valuesMinCount":0,"valuesMaxCount":1,"isUnique":false,"isIndexable":false,"constraints":[{"type":"ownedRef"}]},{"name":"parameters","typeName":"map<string,string>","isOptional":true,"cardinality":"SINGLE","valuesMinCount":0,"valuesMaxCount":1,"isUnique":false,"isIndexable":false},{"name":"viewOriginalText","typeName":"string","isOptional":true,"cardinality":"SINGLE","valuesMinCount":0,"valuesMaxCount":1,"isUnique":false,"isIndexable":false},{"name":"viewExpandedText","typeName":"string","isOptional":true,"cardinality":"SINGLE","valuesMinCount":0,"valuesMaxCount":1,"isUnique":false,"isIndexable":false},{"name":"tableType","typeName":"string","isOptional":true,"cardinality":"SINGLE","valuesMinCount":0,"valuesMaxCount":1,"isUnique":false,"isIndexable":false},{"name":"temporary","typeName":"boolean","isOptional":true,"cardinality":"SINGLE","valuesMinCount":0,"valuesMaxCount":1,"isUnique":false,"isIndexable":true}],"superTypes":["DataSet"]},{"category":"ENTITY","guid":"1ff53740-8129-4b2e-b7ba-f838a8df7e28","createTime":1490750618068,"updateTime":1490750625559,"version":4,"name":"hive_column","description":"hive_column","typeVersion":"1.3","options":{"schemaAttributes":"[\"name\", \"description\", \"owner\", \"type\", \"comment\", \"position\"]"},"attributeDefs":[{"name":"type","typeName":"string","isOptional":false,"cardinality":"SINGLE","valuesMinCount":1,"valuesMaxCount":1,"isUnique":false,"isIndexable":true},{"name":"comment","typeName":"string","isOptional":true,"cardinality":"SINGLE","valuesMinCount":0,"valuesMaxCount":1,"isUnique":false,"isIndexable":false},{"name":"position","typeName":"int","isOptional":true,"cardinality":"SINGLE","valuesMinCount":0,"valuesMaxCount":1,"isUnique":false,"isIndexable":false},{"name":"table","typeName":"hive_table","isOptional":true,"cardinality":"SINGLE","valuesMinCount":0,"valuesMaxCount":1,"isUnique":false,"isIndexable":false}],"superTypes":["DataSet"]},{"category":"ENTITY","guid":"2987e93c-7d25-4de9-a2a1-aa62b4de407f","createTime":1490750617137,"updateTime":1490750617137,"version":1,"name":"hive_db","description":"hive_db","typeVersion":"1.0","attributeDefs":[{"name":"clusterName","typeName":"string","isOptional":false,"cardinality":"SINGLE","valuesMinCount":1,"valuesMaxCount":1,"isUnique":false,"isIndexable":true},{"name":"location","typeName":"string","isOptional":true,"cardinality":"SINGLE","valuesMinCount":0,"valuesMaxCount":1,"isUnique":false,"isIndexable":false},{"name":"parameters","typeName":"map<string,string>","isOptional":true,"cardinality":"SINGLE","valuesMinCount":0,"valuesMaxCount":1,"isUnique":false,"isIndexable":false},{"name":"ownerType","typeName":"hive_principal_type","isOptional":true,"cardinality":"SINGLE","valuesMinCount":0,"valuesMaxCount":1,"isUnique":false,"isIndexable":false}],"superTypes":["Referenceable","Asset"]},{"category":"ENTITY","guid":"1457019d-3ccb-4ba6-8f12-14108f1c7adf","createTime":1490750616788,"updateTime":1490750616788,"version":1,"name":"hive_process","description":"hive_process","typeVersion":"1.0","attributeDefs":[{"name":"startTime","typeName":"date","isOptional":false,"cardinality":"SINGLE","valuesMinCount":1,"valuesMaxCount":1,"isUnique":false,"isIndexable":false},{"name":"endTime","typeName":"date","isOptional":false,"cardinality":"SINGLE","valuesMinCount":1,"valuesMaxCount":1,"isUnique":false,"isIndexable":false},{"name":"userName","typeName":"string","isOptional":false,"cardinality":"SINGLE","valuesMinCount":1,"valuesMaxCount":1,"isUnique":false,"isIndexable":true},{"name":"operationType","typeName":"string","isOptional":false,"cardinality":"SINGLE","valuesMinCount":1,"valuesMaxCount":1,"isUnique":false,"isIndexable":true},{"name":"queryText","typeName":"string","isOptional":false,"cardinality":"SINGLE","valuesMinCount":1,"valuesMaxCount":1,"isUnique":false,"isIndexable":false},{"name":"queryPlan","typeName":"string","isOptional":false,"cardinality":"SINGLE","valuesMinCount":1,"valuesMaxCount":1,"isUnique":false,"isIndexable":false},{"name":"queryId","typeName":"string","isOptional":false,"cardinality":"SINGLE","valuesMinCount":1,"valuesMaxCount":1,"isUnique":false,"isIndexable":false},{"name":"recentQueries","typeName":"array<string>","isOptional":true,"cardinality":"SINGLE","valuesMinCount":0,"valuesMaxCount":1,"isUnique":false,"isIndexable":false},{"name":"clusterName","typeName":"string","isOptional":true,"cardinality":"SINGLE","valuesMinCount":0,"valuesMaxCount":1,"isUnique":false,"isIndexable":false},{"name":"queryGraph","typeName":"string","isOptional":true,"cardinality":"SINGLE","valuesMinCount":0,"valuesMaxCount":1,"isUnique":false,"isIndexable":false}],"superTypes":["Process"]},{"category":"ENTITY","guid":"bcc4239f-33f8-420b-a78d-0aba49d01fd9","createTime":1490750613852,"updateTime":1490750613852,"version":1,"name":"fs_path","description":"fs_path","typeVersion":"1.0","attributeDefs":[{"name":"path","typeName":"string","isOptional":false,"cardinality":"SINGLE","valuesMinCount":1,"valuesMaxCount":1,"isUnique":false,"isIndexable":true},{"name":"createTime","typeName":"date","isOptional":true,"cardinality":"SINGLE","valuesMinCount":0,"valuesMaxCount":1,"isUnique":false,"isIndexable":true},{"name":"modifiedTime","typeName":"date","isOptional":true,"cardinality":"SINGLE","valuesMinCount":0,"valuesMaxCount":1,"isUnique":false,"isIndexable":true},{"name":"isFile","typeName":"boolean","isOptional":true,"cardinality":"SINGLE","valuesMinCount":0,"valuesMaxCount":1,"isUnique":false,"isIndexable":true},{"name":"isSymlink","typeName":"boolean","isOptional":true,"cardinality":"SINGLE","valuesMinCount":0,"valuesMaxCount":1,"isUnique":false,"isIndexable":false},{"name":"fileSize","typeName":"long","isOptional":true,"cardinality":"SINGLE","valuesMinCount":0,"valuesMaxCount":1,"isUnique":false,"isIndexable":false},{"name":"group","typeName":"string","isOptional":true,"cardinality":"SINGLE","valuesMinCount":0,"valuesMaxCount":1,"isUnique":false,"isIndexable":true},{"name":"posixPermissions","typeName":"fs_permissions","isOptional":true,"cardinality":"SINGLE","valuesMinCount":0,"valuesMaxCount":1,"isUnique":false,"isIndexable":true}],"superTypes":["DataSet"]}]}