{"referredEntities":{"8176a0c1-ba57-42bc-9124-277beba6ef44":{"typeName":"hive_column","attributes":{"owner":"hive","qualifiedName":"claim.prov_view.providerstreetaddress@cl1","name":"providerstreetaddress","description":null,"comment":null,"position":2,"type":"string","table":{"guid":"d094c47c-51b2-4373-a68e-15209beed94b","typeName":"hive_table"}},"guid":"8176a0c1-ba57-42bc-9124-277beba6ef44","status":"ACTIVE","createdBy":"hive","updatedBy":"hive","createTime":1490761699905,"updateTime":1490761700633,"version":0,"classifications":[]},"f6acf565-337d-4590-8e78-63e62b691d0d":{"typeName":"hive_column","attributes":{"owner":"hive","qualifiedName":"claim.prov_view.providerreferralregion@cl1","name":"providerreferralregion","description":null,"comment":null,"position":6,"type":"string","table":{"guid":"d094c47c-51b2-4373-a68e-15209beed94b","typeName":"hive_table"}},"guid":"f6acf565-337d-4590-8e78-63e62b691d0d","status":"ACTIVE","createdBy":"hive","updatedBy":"hive","createTime":1490761699905,"updateTime":1490761700633,"version":0,"classifications":[]},"c2203bb9-d2c6-423f-b9c9-d06281cff7df":{"typeName":"hive_column","attributes":{"owner":"hive","qualifiedName":"claim.prov_view.averagetotalpayments@cl1","name":"averagetotalpayments","description":null,"comment":null,"position":9,"type":"decimal(10,2)","table":{"guid":"d094c47c-51b2-4373-a68e-15209beed94b","typeName":"hive_table"}},"guid":"c2203bb9-d2c6-423f-b9c9-d06281cff7df","status":"ACTIVE","createdBy":"hive","updatedBy":"hive","createTime":1490761699905,"updateTime":1490761700633,"version":0,"classifications":[]},"5b393c61-a59f-4a2c-b1f0-0c813372393f":{"typeName":"hive_column","attributes":{"owner":"hive","qualifiedName":"claim.prov_view.providerzip@cl1","name":"providerzip","description":null,"comment":null,"position":5,"type":"string","table":{"guid":"d094c47c-51b2-4373-a68e-15209beed94b","typeName":"hive_table"}},"guid":"5b393c61-a59f-4a2c-b1f0-0c813372393f","status":"ACTIVE","createdBy":"hive","updatedBy":"hive","createTime":1490761699905,"updateTime":1490761700633,"version":0,"classifications":[]},"5a3fe815-be3d-4f40-9329-24e2ef387d20":{"typeName":"hive_column","attributes":{"owner":"hive","qualifiedName":"claim.prov_view.providername@cl1","name":"providername","description":null,"comment":null,"position":1,"type":"string","table":{"guid":"d094c47c-51b2-4373-a68e-15209beed94b","typeName":"hive_table"}},"guid":"5a3fe815-be3d-4f40-9329-24e2ef387d20","status":"ACTIVE","createdBy":"hive","updatedBy":"hive","createTime":1490761699905,"updateTime":1490761700633,"version":0,"classifications":[]},"019403c2-30c5-4186-9bb8-4a9bcf927bb7":{"typeName":"hive_column","attributes":{"owner":"hive","qualifiedName":"claim.prov_view.providercity@cl1","name":"providercity","description":null,"comment":null,"position":3,"type":"string","table":{"guid":"d094c47c-51b2-4373-a68e-15209beed94b","typeName":"hive_table"}},"guid":"019403c2-30c5-4186-9bb8-4a9bcf927bb7","status":"ACTIVE","createdBy":"hive","updatedBy":"hive","createTime":1490761699905,"updateTime":1490761700633,"version":0,"classifications":[]},"83bb8d6c-4e92-4008-a8eb-ad5444fb00aa":{"typeName":"hive_column","attributes":{"owner":"hive","qualifiedName":"claim.prov_view.averagemedicarepayments@cl1","name":"averagemedicarepayments","description":null,"comment":null,"position":10,"type":"decimal(10,2)","table":{"guid":"d094c47c-51b2-4373-a68e-15209beed94b","typeName":"hive_table"}},"guid":"83bb8d6c-4e92-4008-a8eb-ad5444fb00aa","status":"ACTIVE","createdBy":"hive","updatedBy":"hive","createTime":1490761699905,"updateTime":1490761700633,"version":0,"classifications":[]},"a05b0e01-9c09-4c9f-a4d5-a3e1bdceb82f":{"typeName":"hive_storagedesc","attributes":{"bucketCols":null,"qualifiedName":"claim.prov_view@cl1_storage","sortCols":null,"storedAsSubDirectories":false,"location":null,"compressed":false,"inputFormat":"org.apache.hadoop.mapred.SequenceFileInputFormat","outputFormat":"org.apache.hadoop.hive.ql.io.HiveSequenceFileOutputFormat","parameters":null,"table":{"guid":"d094c47c-51b2-4373-a68e-15209beed94b","typeName":"hive_table"},"serdeInfo":{"typeName":"hive_serde","attributes":{"serializationLib":null,"name":null,"parameters":null}},"numBuckets":-1},"guid":"a05b0e01-9c09-4c9f-a4d5-a3e1bdceb82f","status":"ACTIVE","createdBy":"hive","updatedBy":"hive","createTime":1490761699905,"updateTime":1490761700633,"version":0,"classifications":[]},"e2cdf9d9-61a8-4518-a26d-f3c5e8f142c6":{"typeName":"hive_column","attributes":{"owner":"hive","qualifiedName":"claim.prov_view.providerstate@cl1","name":"providerstate","description":null,"comment":null,"position":4,"type":"string","table":{"guid":"d094c47c-51b2-4373-a68e-15209beed94b","typeName":"hive_table"}},"guid":"e2cdf9d9-61a8-4518-a26d-f3c5e8f142c6","status":"ACTIVE","createdBy":"hive","updatedBy":"hive","createTime":1490761699905,"updateTime":1490761700633,"version":0,"classifications":[]},"2426d923-8c53-497b-be20-26d85e7b41ef":{"typeName":"hive_column","attributes":{"owner":"hive","qualifiedName":"claim.prov_view.totaldischarges@cl1","name":"totaldischarges","description":null,"comment":null,"position":7,"type":"int","table":{"guid":"d094c47c-51b2-4373-a68e-15209beed94b","typeName":"hive_table"}},"guid":"2426d923-8c53-497b-be20-26d85e7b41ef","status":"ACTIVE","createdBy":"hive","updatedBy":"hive","createTime":1490761699905,"updateTime":1490761700633,"version":0,"classifications":[]},"6ffb3174-28f5-47f6-85ac-e535d3bc4baf":{"typeName":"hive_column","attributes":{"owner":"hive","qualifiedName":"claim.prov_view.averagecoveredcharges@cl1","name":"averagecoveredcharges","description":null,"comment":null,"position":8,"type":"decimal(10,2)","table":{"guid":"d094c47c-51b2-4373-a68e-15209beed94b","typeName":"hive_table"}},"guid":"6ffb3174-28f5-47f6-85ac-e535d3bc4baf","status":"ACTIVE","createdBy":"hive","updatedBy":"hive","createTime":1490761699905,"updateTime":1490761700633,"version":0,"classifications":[]},"f40f342a-1934-4878-b477-29b72041d928":{"typeName":"hive_column","attributes":{"owner":"hive","qualifiedName":"claim.prov_view.providerid@cl1","name":"providerid","description":null,"comment":null,"position":0,"type":"string","table":{"guid":"d094c47c-51b2-4373-a68e-15209beed94b","typeName":"hive_table"}},"guid":"f40f342a-1934-4878-b477-29b72041d928","status":"ACTIVE","createdBy":"hive","updatedBy":"hive","createTime":1490761699905,"updateTime":1490761700633,"version":0,"classifications":[]}},"entity":{"typeName":"hive_table","attributes":{"owner":"hive","temporary":false,"lastAccessTime":1490761677000,"aliases":null,"qualifiedName":"claim.prov_view@cl1","columns":[{"guid":"f40f342a-1934-4878-b477-29b72041d928","typeName":"hive_column"},{"guid":"5a3fe815-be3d-4f40-9329-24e2ef387d20","typeName":"hive_column"},{"guid":"8176a0c1-ba57-42bc-9124-277beba6ef44","typeName":"hive_column"},{"guid":"019403c2-30c5-4186-9bb8-4a9bcf927bb7","typeName":"hive_column"},{"guid":"e2cdf9d9-61a8-4518-a26d-f3c5e8f142c6","typeName":"hive_column"},{"guid":"5b393c61-a59f-4a2c-b1f0-0c813372393f","typeName":"hive_column"},{"guid":"f6acf565-337d-4590-8e78-63e62b691d0d","typeName":"hive_column"},{"guid":"2426d923-8c53-497b-be20-26d85e7b41ef","typeName":"hive_column"},{"guid":"6ffb3174-28f5-47f6-85ac-e535d3bc4baf","typeName":"hive_column"},{"guid":"c2203bb9-d2c6-423f-b9c9-d06281cff7df","typeName":"hive_column"},{"guid":"83bb8d6c-4e92-4008-a8eb-ad5444fb00aa","typeName":"hive_column"}],"description":null,"viewExpandedText":"SELECT `provider_summary`.`providerid`, `provider_summary`.`providername`, `provider_summary`.`providerstreetaddress`, `provider_summary`.`providercity`, `provider_summary`.`providerstate`, `provider_summary`.`providerzip`, `provider_summary`.`providerreferralregion`, `provider_summary`.`totaldischarges`, `provider_summary`.`averagecoveredcharges`, `provider_summary`.`averagetotalpayments`, `provider_summary`.`averagemedicarepayments` FROM `claim`.`provider_summary`","sd":{"guid":"a05b0e01-9c09-4c9f-a4d5-a3e1bdceb82f","typeName":"hive_storagedesc"},"tableType":"VIRTUAL_VIEW","createTime":1490761677000,"name":"prov_view","comment":null,"partitionKeys":null,"parameters":{"transient_lastDdlTime":"1490761677"},"db":{"guid":"22095c33-5cd5-43bd-bbdb-bcc7de842969","typeName":"hive_db"},"retention":0,"viewOriginalText":"SELECT * FROM claim.provider_summary"},"guid":"d094c47c-51b2-4373-a68e-15209beed94b","status":"ACTIVE","createdBy":"hive","updatedBy":"hive","createTime":1490761699905,"updateTime":1490761700633,"version":0,"classifications":[]}}