{"referredEntities":{"e153f73b-0ba9-4278-9e76-80add942d7fc":{"typeName":"hive_column","attributes":{"owner":"hive","qualifiedName":"finance.tax_2010.fed_tax@cl1","name":"fed_tax","description":null,"comment":null,"position":1,"type":"int","table":{"guid":"d27b71e4-5d13-4ffe-8ae9-0dc035f1cc98","typeName":"hive_table"}},"guid":"e153f73b-0ba9-4278-9e76-80add942d7fc","status":"ACTIVE","createdBy":"hive","updatedBy":"hive","createTime":1490765244754,"updateTime":1490765244754,"version":0,"classifications":[]},"dfe491df-9222-42e1-aa26-eac7c5bb0f25":{"typeName":"hive_column","attributes":{"owner":"hive","qualifiedName":"finance.tax_2010.ssn@cl1","name":"ssn","description":null,"comment":null,"position":0,"type":"string","table":{"guid":"d27b71e4-5d13-4ffe-8ae9-0dc035f1cc98","typeName":"hive_table"}},"guid":"dfe491df-9222-42e1-aa26-eac7c5bb0f25","status":"ACTIVE","createdBy":"hive","updatedBy":"hive","createTime":1490765244754,"updateTime":1490765244754,"version":0,"classifications":[{"typeName":"FINANCE_PII","attributes":{"type":"finance"}}]},"94eaa29f-7a96-4507-a443-76d2b4f215ce":{"typeName":"hive_column","attributes":{"owner":"hive","qualifiedName":"finance.tax_2010.local_tax@cl1","name":"local_tax","description":null,"comment":null,"position":3,"type":"int","table":{"guid":"d27b71e4-5d13-4ffe-8ae9-0dc035f1cc98","typeName":"hive_table"}},"guid":"94eaa29f-7a96-4507-a443-76d2b4f215ce","status":"ACTIVE","createdBy":"hive","updatedBy":"hive","createTime":1490765244754,"updateTime":1490765244754,"version":0,"classifications":[]},"93d04f74-1395-445b-9fa9-0693c7fc77a9":{"typeName":"hive_storagedesc","attributes":{"bucketCols":null,"qualifiedName":"finance.tax_2010@cl1_storage","sortCols":null,"storedAsSubDirectories":false,"location":"hdfs://localhost.localdomain:8020/apps/hive/warehouse/finance.db/tax_2010","compressed":false,"inputFormat":"org.apache.hadoop.hive.ql.io.orc.OrcInputFormat","outputFormat":"org.apache.hadoop.hive.ql.io.orc.OrcOutputFormat","parameters":null,"table":{"guid":"d27b71e4-5d13-4ffe-8ae9-0dc035f1cc98","typeName":"hive_table"},"serdeInfo":{"typeName":"hive_serde","attributes":{"serializationLib":"org.apache.hadoop.hive.ql.io.orc.OrcSerde","name":null,"parameters":{"serialization.format":"1"}}},"numBuckets":-1},"guid":"93d04f74-1395-445b-9fa9-0693c7fc77a9","status":"ACTIVE","createdBy":"hive","updatedBy":"hive","createTime":1490765244754,"updateTime":1490765244754,"version":0,"classifications":[]},"a4806e51-05b3-4c3a-80ca-756618ccf075":{"typeName":"hive_column","attributes":{"owner":"hive","qualifiedName":"finance.tax_2010.state_tax@cl1","name":"state_tax","description":null,"comment":null,"position":2,"type":"int","table":{"guid":"d27b71e4-5d13-4ffe-8ae9-0dc035f1cc98","typeName":"hive_table"}},"guid":"a4806e51-05b3-4c3a-80ca-756618ccf075","status":"ACTIVE","createdBy":"hive","updatedBy":"hive","createTime":1490765244754,"updateTime":1490765244754,"version":0,"classifications":[]}},"entity":{"typeName":"hive_table","attributes":{"owner":"hive","temporary":false,"lastAccessTime":1490765244000,"aliases":null,"qualifiedName":"finance.tax_2010@cl1","columns":[{"guid":"dfe491df-9222-42e1-aa26-eac7c5bb0f25","typeName":"hive_column"},{"guid":"e153f73b-0ba9-4278-9e76-80add942d7fc","typeName":"hive_column"},{"guid":"a4806e51-05b3-4c3a-80ca-756618ccf075","typeName":"hive_column"},{"guid":"94eaa29f-7a96-4507-a443-76d2b4f215ce","typeName":"hive_column"}],"description":null,"viewExpandedText":null,"sd":{"guid":"93d04f74-1395-445b-9fa9-0693c7fc77a9","typeName":"hive_storagedesc"},"tableType":"MANAGED_TABLE","createTime":1490765244000,"name":"tax_2010","comment":null,"partitionKeys":null,"parameters":{"transient_lastDdlTime":"1490765244","totalSize":"0","rawDataSize":"0","numRows":"0","COLUMN_STATS_ACCURATE":"{\"BASIC_STATS\":\"true\"}","numFiles":"0"},"db":{"guid":"3a0b14b0-ab85-4b65-89f2-e418f3f7f77c","typeName":"hive_db"},"retention":0,"viewOriginalText":null},"guid":"d27b71e4-5d13-4ffe-8ae9-0dc035f1cc98","status":"ACTIVE","createdBy":"hive","updatedBy":"hive","createTime":1490765244754,"updateTime":1490765244754,"version":0,"classifications":[{"typeName":"EXPIRES_ON","attributes":{"expiry_date":"2017/12/31"}}]}}