{"referredEntities":{},"entity":{"typeName":"hive_process","attributes":{"owner":null,"outputs":[{"guid":"3a369b0a-5a93-4920-88de-1a3711a1badb","typeName":"hive_table"}],"queryGraph":null,"recentQueries":["create external table if not exists cost_savings.claim_savings(\n                                      reportdate date\n                                    , name string\n                                    , sequenceid int\n                                    , claimid int\n                                    , costsavings int\n                                    , eligibilitycode int\n                                    , latitude decimal\n                                    , longitude decimal\n                                   ) comment 'claims savings'\n                                     row format delimited\n                                     fields terminated by ','\n                                     stored as textfile\n                                     location '/dev/cost_savings'"],"qualifiedName":"cost_savings.claim_savings@cl1:1490761674000","inputs":[{"guid":"a39e89d5-d6db-4da2-85ee-87dfb5c883bb","typeName":"hdfs_path"}],"description":null,"userName":"hive","queryId":"hive_20170328212754_1cc2f66a-c1a0-4a86-9018-427e185c8b29","clusterName":"cl1","name":"create external table if not exists cost_savings.claim_savings(\n                                      reportdate date\n                                    , name string\n                                    , sequenceid int\n                                    , claimid int\n                                    , costsavings int\n                                    , eligibilitycode int\n                                    , latitude decimal\n                                    , longitude decimal\n                                   ) comment 'claims savings'\n                                     row format delimited\n                                     fields terminated by ','\n                                     stored as textfile\n                                     location '/dev/cost_savings'","queryText":"create external table if not exists cost_savings.claim_savings(\n                                      reportdate date\n                                    , name string\n                                    , sequenceid int\n                                    , claimid int\n                                    , costsavings int\n                                    , eligibilitycode int\n                                    , latitude decimal\n                                    , longitude decimal\n                                   ) comment 'claims savings'\n                                     row format delimited\n                                     fields terminated by ','\n                                     stored as textfile\n                                     location '/dev/cost_savings'","startTime":1490761674190,"operationType":"CREATETABLE","queryPlan":"Not Supported","endTime":1490761676847},"guid":"d4f67e8f-a6c2-4194-8b7e-8062d5dac361","status":"ACTIVE","createdBy":"hive","updatedBy":"hive","createTime":1490761697680,"updateTime":1490761697680,"version":0,"classifications":[]}}