{"referredEntities":{"f5e91edb-36ef-4955-836e-b16851b02ae2":{"typeName":"hive_column","attributes":{"owner":"hive","qualifiedName":"finance.tax_2009.local_tax@cl1","name":"local_tax","description":null,"comment":null,"position":3,"type":"int","table":{"guid":"f89c71e1-6472-43d2-ba27-3beeecfac4fd","typeName":"hive_table"}},"guid":"f5e91edb-36ef-4955-836e-b16851b02ae2","status":"ACTIVE","createdBy":"hive","updatedBy":"hive","createTime":1490765244257,"updateTime":1490765244257,"version":0,"classifications":[]},"317b90c2-e5ae-4928-825d-439f67ba1bd5":{"typeName":"hive_column","attributes":{"owner":"hive","qualifiedName":"finance.tax_2009.ssn@cl1","name":"ssn","description":null,"comment":null,"position":0,"type":"string","table":{"guid":"f89c71e1-6472-43d2-ba27-3beeecfac4fd","typeName":"hive_table"}},"guid":"317b90c2-e5ae-4928-825d-439f67ba1bd5","status":"ACTIVE","createdBy":"hive","updatedBy":"hive","createTime":1490765244257,"updateTime":1490765244257,"version":0,"classifications":[{"typeName":"FINANCE_PII","attributes":{"type":"finance"}}]},"55c11406-e4fb-45cc-97cb-4e7528aca384":{"typeName":"hive_column","attributes":{"owner":"hive","qualifiedName":"finance.tax_2009.state_tax@cl1","name":"state_tax","description":null,"comment":null,"position":2,"type":"int","table":{"guid":"f89c71e1-6472-43d2-ba27-3beeecfac4fd","typeName":"hive_table"}},"guid":"55c11406-e4fb-45cc-97cb-4e7528aca384","status":"ACTIVE","createdBy":"hive","updatedBy":"hive","createTime":1490765244257,"updateTime":1490765244257,"version":0,"classifications":[]},"2ac827d4-528c-40a7-837c-60ca205c1873":{"typeName":"hive_column","attributes":{"owner":"hive","qualifiedName":"finance.tax_2009.fed_tax@cl1","name":"fed_tax","description":null,"comment":null,"position":1,"type":"int","table":{"guid":"f89c71e1-6472-43d2-ba27-3beeecfac4fd","typeName":"hive_table"}},"guid":"2ac827d4-528c-40a7-837c-60ca205c1873","status":"ACTIVE","createdBy":"hive","updatedBy":"hive","createTime":1490765244257,"updateTime":1490765244257,"version":0,"classifications":[]},"bb55e6c6-ca32-4c8a-a6e0-987d44c08da1":{"typeName":"hive_storagedesc","attributes":{"bucketCols":null,"qualifiedName":"finance.tax_2009@cl1_storage","sortCols":null,"storedAsSubDirectories":false,"location":"hdfs://localhost.localdomain:8020/apps/hive/warehouse/finance.db/tax_2009","compressed":false,"inputFormat":"org.apache.hadoop.hive.ql.io.orc.OrcInputFormat","outputFormat":"org.apache.hadoop.hive.ql.io.orc.OrcOutputFormat","parameters":null,"table":{"guid":"f89c71e1-6472-43d2-ba27-3beeecfac4fd","typeName":"hive_table"},"serdeInfo":{"typeName":"hive_serde","attributes":{"serializationLib":"org.apache.hadoop.hive.ql.io.orc.OrcSerde","name":null,"parameters":{"serialization.format":"1"}}},"numBuckets":-1},"guid":"bb55e6c6-ca32-4c8a-a6e0-987d44c08da1","status":"ACTIVE","createdBy":"hive","updatedBy":"hive","createTime":1490765244257,"updateTime":1490765244257,"version":0,"classifications":[]}},"entity":{"typeName":"hive_table","attributes":{"owner":"hive","temporary":false,"lastAccessTime":1490765243000,"aliases":null,"qualifiedName":"finance.tax_2009@cl1","columns":[{"guid":"317b90c2-e5ae-4928-825d-439f67ba1bd5","typeName":"hive_column"},{"guid":"2ac827d4-528c-40a7-837c-60ca205c1873","typeName":"hive_column"},{"guid":"55c11406-e4fb-45cc-97cb-4e7528aca384","typeName":"hive_column"},{"guid":"f5e91edb-36ef-4955-836e-b16851b02ae2","typeName":"hive_column"}],"description":null,"viewExpandedText":null,"sd":{"guid":"bb55e6c6-ca32-4c8a-a6e0-987d44c08da1","typeName":"hive_storagedesc"},"tableType":"MANAGED_TABLE","createTime":1490765243000,"name":"tax_2009","comment":null,"partitionKeys":null,"parameters":{"transient_lastDdlTime":"1490765243","totalSize":"0","rawDataSize":"0","numRows":"0","COLUMN_STATS_ACCURATE":"{\"BASIC_STATS\":\"true\"}","numFiles":"0"},"db":{"guid":"3a0b14b0-ab85-4b65-89f2-e418f3f7f77c","typeName":"hive_db"},"retention":0,"viewOriginalText":null},"guid":"f89c71e1-6472-43d2-ba27-3beeecfac4fd","status":"ACTIVE","createdBy":"hive","updatedBy":"hive","createTime":1490765244257,"updateTime":1490765244257,"version":0,"classifications":[{"typeName":"EXPIRES_ON","attributes":{"expiry_date":"2016/12/31"}}]}}