{"referredEntities":{},"entity":{"typeName":"hive_process","attributes":{"owner":null,"outputs":[{"guid":"610e3b3e-5c49-44b2-a5e1-62482398d9f5","typeName":"hive_table"}],"queryGraph":null,"recentQueries":["create external table if not exists claim.provider_summary(\n                                      providerid string\n                                    , providername string\n                                    , providerstreetaddress string\n                                    , providercity string\n                                    , providerstate string\n                                    , providerzip string\n                                    , providerreferralregion string\n                                    , totaldischarges int\n                                    , averagecoveredcharges decimal(10,2)\n                                    , averagetotalpayments decimal(10,2)\n                                    , averagemedicarepayments decimal(10,2)\n                                   ) comment 'provider summary'\n                                     row format delimited\n                                     fields terminated by ','\n                                     stored as textfile\n                                     location '/source/claim'"],"qualifiedName":"claim.provider_summary@cl1:1490761675000","inputs":[{"guid":"3fde6e5d-ea79-425f-b256-98483f5456b5","typeName":"hdfs_path"}],"description":null,"userName":"hive","queryId":"hive_20170328212755_71320b9f-5ec0-4d73-b393-7032d4686ad8","clusterName":"cl1","name":"create external table if not exists claim.provider_summary(\n                                      providerid string\n                                    , providername string\n                                    , providerstreetaddress string\n                                    , providercity string\n                                    , providerstate string\n                                    , providerzip string\n                                    , providerreferralregion string\n                                    , totaldischarges int\n                                    , averagecoveredcharges decimal(10,2)\n                                    , averagetotalpayments decimal(10,2)\n                                    , averagemedicarepayments decimal(10,2)\n                                   ) comment 'provider summary'\n                                     row format delimited\n                                     fields terminated by ','\n                                     stored as textfile\n                                     location '/source/claim'","queryText":"create external table if not exists claim.provider_summary(\n                                      providerid string\n                                    , providername string\n                                    , providerstreetaddress string\n                                    , providercity string\n                                    , providerstate string\n                                    , providerzip string\n                                    , providerreferralregion string\n                                    , totaldischarges int\n                                    , averagecoveredcharges decimal(10,2)\n                                    , averagetotalpayments decimal(10,2)\n                                    , averagemedicarepayments decimal(10,2)\n                                   ) comment 'provider summary'\n                                     row format delimited\n                                     fields terminated by ','\n                                     stored as textfile\n                                     location '/source/claim'","startTime":1490761675247,"operationType":"CREATETABLE","queryPlan":"Not Supported","endTime":1490761675755},"guid":"fb5d6297-e7d9-432d-bd04-4a6e1ebf8046","status":"ACTIVE","createdBy":"hive","updatedBy":"hive","createTime":1490761695233,"updateTime":1490761695233,"version":0,"classifications":[]}}